"Allele","Ear","Quad_pval","Lin_inc_pval","Lin_dec_pval","B0","B1","B2","Coord_start","Coord_end"
"R01G01","X415-1x402_inference.xml",0.269110847090965,0.133323088268758,0.866676911731242,0.85158099803882,-0.00261422612730812,1.95862821607412e-06,223,1527
"R01G01","X415-3x402_inference.xml",0.748005155160166,0.592530636696946,0.407469363303054,0.807821282421882,-0.00219757440432581,1.31238009455585e-06,268,1465
"R01G01","X415L-1x402_inference.xml",0.351713001669885,0.686330411103083,0.313669588896917,-1.00203796415199,0.00299605786185324,-1.84804733252915e-06,229,1614
"R01G01","Y26-1x1_inference.xml",0.588227925888407,0.846566563004728,0.153433436995272,0.155549210304664,3.32329122378265e-05,-1.22845678114696e-07,112,1840
"R01G01","Y26-2x1_inference.xml",0.60452855327457,0.300859504419344,0.699140495580656,0.324264724100278,-0.00115137972350763,7.36871872006857e-07,106,1804
"R01G01","Y26-3x1_inference.xml",0.701007912719487,0.248998362503428,0.751001637496572,0.125776916216311,-0.000761369063255384,5.92197920126632e-07,118,1766
"R01G01","Y26-4x1_inference.xml",0.572098064652468,0.858887840319582,0.141112159680418,0.179498964908263,-0.000114591503145181,-4.85951652726579e-08,70,1837
"R01G01","Y26-5x1_inference.xml",0.657713775555368,0.787340001655839,0.212659998344161,-0.0939710286922746,0.000334212555863468,-2.81457364538669e-07,93,1827
"R02D02","X417-2x402_inference.xml",0.378693828149387,0.0776591907677641,0.922340809232236,-0.0983667223498202,0.000530478940268995,-2.04930830511254e-08,286,1591
"R02D02","X417-3x402_inference.xml",0.818599737008893,0.259236162981432,0.740763837018568,-0.160492222212995,0.000342391333505613,-5.17344256811822e-08,268,1547
"R02D02","X417L-1x402_inference.xml",0.343142374521722,0.255707566107256,0.744292433892744,1.10256859979568,-0.00376210691710594,2.5143547829081e-06,278,1503
"R02D02","Y18-1x1_inference.xml",0.661668669003431,0.56769817430985,0.43230182569015,-0.532852214160016,0.00154089926406603,-9.08387729527286e-07,142,1709
"R02D02","Y18-2x1_inference.xml",0.0639544383081371,0.562872058951054,0.437127941048946,0.932254204329167,-0.00231029059900172,1.22918267785124e-06,210,1760
"R02D02","Y18-3x1_inference.xml",0.113684164668589,0.548744747271146,0.451255252728854,0.809410816573707,-0.00224606895383551,1.25635531395955e-06,186,1700
"R02D02","Y18-4x1_inference.xml",0.705747711559615,0.797528591014696,0.202471408985304,0.037451810546606,1.72767564912531e-05,-9.43769075779195e-08,152,1746
"R02D02","Y18-5x1_inference.xml",0.694794894828992,0.679093204106717,0.320906795893283,0.350343550107933,-0.000570463281506508,2.80472788858434e-07,89,1810
"R04A02","A14-1x102_inference.xml",0.0520816126243853,0.00817645194301884,0.991823548056981,-1.08458672682769,0.00208793547477444,-6.19712892211299e-07,168,1727
"R04A02","A14-3x102_inference.xml",0.867539097328462,0.410584939934432,0.589415060065568,-0.370010300191082,0.000705129556428151,-3.7762111610524e-07,82,1755
"R04A02","A14-4x102_inference.xml",0.251024308511707,0.955305930763115,0.0446940692368848,0.461031008831834,-0.000302330704222474,1.41508561505584e-09,82,1812
"R04A02","A14-5x102_inference.xml",0.377654130858695,0.710139038820448,0.289860961179552,-0.677881578325902,0.00185711264895723,-1.18833429248666e-06,119,1739
"R04A02","X418-1x402_inference.xml",0.62548660670757,0.815887510323176,0.184112489676824,-0.0480213439322232,0.00131905302746468,-1.55798107822398e-06,258,1152
"R04A02","X418-2x402_inference.xml",0.0493818822070574,0.990309977066867,0.00969002293313277,2.56929220063444,-0.00794939028022196,5.10872354829241e-06,124,876
"R04A02","X418-3x402_inference.xml",0.665810443129684,0.201419888383207,0.798580111616793,-0.287245313770824,0.0014251057948067,-8.70241779609964e-07,77,1157
"R04A02","Y23-1x1_inference.xml",0.614241796994974,0.485970308868018,0.514029691131982,0.681461768872714,-0.00139143996654952,7.98683898286663e-07,176,1675
"R04A02","Y23-2x1_inference.xml",0.902121258255876,0.417984619322168,0.582015380677832,0.304805997684758,-0.000494482945257418,3.17115668545848e-07,125,1766
"R04A02","Y23-3x1_inference.xml",0.831613776917957,0.637686647576926,0.362313352423074,0.357855367619878,-0.000741184078500114,3.68415293823377e-07,78,1762
"R04G10","B775B-2x2_inference.xml",0.100950365998021,0.0156171521538,0.9843828478462,-0.596025584713432,0.000891516543020768,-1.92522095145801e-07,76,1848
"R04G10","X486-1x402_inference.xml",0.509012161905185,0.131990174311959,0.868009825688041,-0.153189454216045,0.000632091656051224,-2.313464555003e-07,66,1790
"R04G10","X486-2x402_inference.xml",0.631759818670797,0.188998001973658,0.811001998026342,-0.308864075462826,0.000716367965459201,-3.4796536005108e-07,62,1449
"R04G10","X486-3x402_inference.xml",0.871321931890714,0.441775540079233,0.558224459920767,0.0368499730620807,-0.000670920560627424,5.89224494726306e-07,62,1257
"R04G10","Y38-1x1_inference.xml",0.863522606992937,0.708973824604336,0.291026175395664,0.381770923761404,-0.000219560471236927,4.27542902277202e-08,96,1807
"R04G10","Y38-2x1_inference.xml",0.134511016165068,0.0410035438235308,0.958996456176469,-0.452627749372277,0.00108131287706135,-4.45080273626108e-07,61,1806
"R04G10","Y38-3x1_inference.xml",0.0442643688717262,0.00666981286712375,0.993330187132876,-0.278098309264728,6.52024779903141e-05,3.11130674151257e-07,28,1801
"R04G10","Y38-5x1_inference.xml",0.839682384870721,0.431951165651758,0.568048834348242,0.256035008099394,-0.000831099365486442,5.10406331326064e-07,130,1678
"R06C04","A280-2x102_inference.xml",0.273803278187994,0.12451648269267,0.87548351730733,0.323965400491985,-0.00197468491700244,1.4372195001244e-06,73,1626
"R06C04","B751-3x2_inference.xml",0.30548458144002,0.0635758934632101,0.93642410653679,-0.0113311573587096,-5.78466627570689e-05,2.54115109671644e-07,89,1848
"R06C04","Y15-1x1_inference.xml",0.779176133652197,0.608337452786466,0.391662547213534,0.447197729335969,-0.00114948089788699,5.96239407256336e-07,301,1588
"R06C04","Y15-2x1.xml",0.111500464360568,0.122903899807647,0.877096100192353,-0.983802710439015,0.00208885100596094,-9.62629993129488e-07,122,1838
"R06C04","Y15-4x1.xml",0.151883831882369,0.0299939665053999,0.9700060334946,-0.445562306046217,0.000892372867270275,-2.88382806445326e-07,121,1830
"R06C04","Y15-5x1.xml",0.92108000737164,0.370183803676124,0.629816196323876,-0.192807268154741,0.000287179990162152,-1.24575330486396e-07,33,1832
"R06C04","Y231-1x1_inference.xml",0.883158811033072,0.395599328920356,0.604400671079644,0.123231352676184,-0.000371949317521282,2.43450967336276e-07,86,1836
"R06C04","Y231-2x1_inference.xml",0.00725217500069392,0.00963022979848091,0.990369770201519,0.335628790342356,-0.00124644828088446,8.95305829138502e-07,144,1822
"R06C04","Y231-4x1_inference.xml",0.892497996865698,0.328443092163622,0.671556907836378,-0.0815999242004205,0.000310665542562341,-1.16569689807826e-07,60,1846
"R06C04","Y231-5x1_inference.xml",0.170582445815821,0.898603410676016,0.101396589323984,-0.264672053029795,0.0013966470489364,-1.01856538325061e-06,60,1837
"R08A07","X420-3x402_inference.xml",0.755943696652692,0.579423476265582,0.420576523734418,0.565477706940686,-0.00351765009977253,3.6653411427151e-06,92,901
"R08A07","X420-4x402_inference.xml",0.275305619761167,0.360662220821481,0.639337779178519,1.14684324138899,-0.00441908687218545,3.79248513904671e-06,92,1198
"R08A07","Y70-1x1_inference.xml",0.290126500995902,0.0540669121937354,0.945933087806265,-0.410952026926609,0.000296659879421532,1.29538873917486e-08,46,1822
"R08A07","Y70-2x1_inference.xml",0.950660064123024,0.525279273242397,0.474720726757603,0.143788001566343,-0.000333065030772179,1.77122339152818e-07,116,1802
"R08A07","Y70-3x1_inference.xml",0.118747201993438,0.882258472262849,0.117741527737151,-0.400278332109853,0.00204718730934054,-1.36892805824583e-06,60,1844
"R101B03","X421-1x402_inference.xml",0.50741430770465,0.87578051531428,0.12421948468572,-0.0629236295897698,4.13821933725572e-05,-2.08912128771314e-07,58,1485
"R101B03","X421-4x402_inference.xml",0.401415473884835,0.784226604026003,0.215773395973997,-0.319963995646412,0.00114730786977789,-9.29283243166715e-07,82,1558
"R101B03","X421-5x402_inference.xml",0.588293563802379,0.228256305319678,0.771743694680322,-0.890579772488313,0.00320511198948102,-2.54775219784881e-06,94,1052
"R101B03","Y34-1x1_inference.xml",0.252819162198218,0.764621695553515,0.235378304446485,-0.144957912111457,0.000959930365892154,-6.24119983403943e-07,36,1820
"R101B03","Y34-2x1_inference.xml",0.211056264699663,0.429218269306724,0.570781730693276,-0.637674098389195,0.00124195283715764,-6.67778548385774e-07,118,1820
"R101B03","Y34-3x1_inference.xml",0.542658743474408,0.773775537075618,0.226224462924382,-0.114234717340431,0.000602492540598083,-4.26242075029316e-07,68,1822
"R101B03","Y34-5x1_inference.xml",0.950921943872388,0.544316486319778,0.455683513680222,0.119210327894848,-0.000229058972609316,1.23280225494957e-07,44,1796
"R101B03","Y34-6x1_inference.xml",0.763906969170103,0.347472897430291,0.652527102569709,-0.432357708884343,0.000927622297701858,-4.6593325000844e-07,87,1797
"R102H01","A15-2x102_inference.xml",0.316980703661301,0.722430550962095,0.277569449037905,1.01297689973718,-0.00214526063954399,1.11582553257166e-06,46,1815
"R102H01","A15-3x102_inference.xml",0.320318758910673,0.782639772756714,0.217360227243286,0.922930883256341,-0.00202200789596977,9.8832058547533e-07,78,1818
"R102H01","A15-4x102_inference.xml",0.203996596094693,0.285497077000663,0.714502922999337,0.615185368544135,-0.00167151239464174,1.06418223375402e-06,82,1730
"R102H01","B562-1x2_inference.xml",0.828958763201922,0.495715015015982,0.504284984984018,0.434632859874768,-0.00101950987611443,5.5512406217985e-07,150,1800
"R102H01","B562-2x2_inference.xml",0.0813340610509724,0.0241753300247182,0.975824669975282,-0.637546850256132,0.00117415958512755,-4.41803588993986e-07,208,1852
"R102H01","B562-4x2_inference.xml",0.146563789776772,0.940378241886745,0.0596217581132547,-0.358810008789181,0.00133797813875303,-1.01772460409509e-06,146,1808
"R102H01","B756-2x2_inference.xml",0.783102005955121,0.708518772554013,0.291481227445987,-0.00663151751204574,0.000343114210984109,-2.59343586450079e-07,126,1782
"R102H01","X422-1x402_inference.xml",0.951149022334394,0.451076015972526,0.548923984027474,-0.0757475022196228,0.000374930990541647,-2.03420129338085e-07,64,1775
"R102H01","X422-2x402_inference.xml",0.473785948372544,0.450298737475015,0.549701262524985,0.63606235674745,-0.00308729930319026,2.84228642132767e-06,69,1250
"R102H01","X422-4x402_inference.xml",0.939129214523634,0.641414402664135,0.358585597335865,0.00952931962008583,-9.70734554065482e-05,-1.26291788247099e-08,76,1561
"R102H01","Y24-1x1.xml",0.642907255918583,0.281961030011788,0.718038969988212,-0.669916905455222,0.001311381586593,-6.21688295523642e-07,146,1784
"R102H01","Y24-2x1_inference.xml",0.85277236530033,0.712735611745726,0.287264388254274,-0.0600813007658584,2.56107967377436e-05,-6.72119910535501e-08,188,1770
"R102H01","Y24-3x1_inference.xml",0.685189940519517,0.673142726432004,0.326857273567996,-0.200345880806847,0.000620247933880865,-3.74270909168479e-07,156,1829
"R102H01","Y24-4x1_inference.xml",0.635392436577594,0.409434216394908,0.590565783605092,0.402423369762085,-0.0013489706145595,7.5190206587424e-07,110,1817
"R102H01","Y24-5x1_inference.xml",0.805566899736976,0.590755244297264,0.409244755702736,-0.075208023518997,0.000430698696373593,-2.53594063599166e-07,131,1822
"R102H01","Y270-3x1_inference.xml",0.197379871607449,0.0327099852001494,0.967290014799851,-0.085674290431807,0.000210475393814184,7.50800205141933e-10,33,1816
"R102H01","Z88-1x1_inference.xml",0.181445955951963,0.615221018019687,0.384778981980313,0.91878801405794,-0.00228840113167197,1.19538269604083e-06,182,1772
"R102H01","Z88-3x1_inference.xml",0.390758653666854,0.460861488544353,0.539138511455647,0.782777927924283,-0.00199736071853729,1.06004465051046e-06,178,1832
"R102H01","Z88-4x1_inference.xml",0.0181830826480346,0.889998255964749,0.110001744035251,-0.821700656057051,0.00278284826502618,-1.58511711256174e-06,230,1802
"R103E04","A16-1x102_inference.xml",0.102254768538213,0.963171730894078,0.0368282691059224,-0.0601974610212013,0.00109470442540569,-9.66575698063276e-07,89,1787
"R103E04","A16-2x102_inference.xml",0.728213116158183,0.404248602582492,0.595751397417508,-0.652071231774386,0.00131505585069633,-6.97559101124019e-07,116,1754
"R103E04","A16-4x102_inference.xml",0.777472561689083,0.339954867528668,0.660045132471332,-0.387542946919803,0.000932801982139272,-4.54797891704386e-07,92,1804
"R103E04","X423-2x402_inference.xml",0.148562775262189,0.0461272038523983,0.953872796147602,-1.53398663808049,0.00564359326117163,-4.16775846158424e-06,134,1000
"R103E04","Y86-1x1_inference.xml",0.908377576459627,0.609814140379286,0.390185859620714,0.322510310738989,-0.000370336546677575,1.71495066363977e-07,162,1820
"R103E04","Y86-2x1.xml",0.606084646280783,0.314876420640901,0.685123579359099,-0.622277873554223,0.0015462687203598,-7.96585157222401e-07,93,1759
"R103E04","Y86-3x1_rescan_inference.xml",0.750056125572319,0.649850525942907,0.350149474057093,0.65377295187018,-0.00101748062067838,4.96161405596577e-07,86,1844
"R103E04","Y86-4x1.xml",0.00196188389133374,0.000385072054249737,0.99961492794575,-0.866178538926401,0.00151518901979419,-5.04413126486082e-07,120,1726
"R103E04","Y86-5x1_inference.xml",0.801029123749482,0.396349315017922,0.603650684982078,-0.33912096268135,0.000751614242384316,-3.75128043118241e-07,122,1824
"R103E04","Y86G-1x1.xml",0.412882375980765,0.653891928044088,0.346108071955912,0.823853826915867,-0.00189323101515304,9.53472359103825e-07,205,1755
"R103E04","Y86G-2x1.xml",0.435604874916251,0.755909413848313,0.244090586151687,-0.356072670299357,0.0009115203423982,-5.72312204163247e-07,133,1773
"R106E07","Y89-11x1_inference.xml",0.018713556572196,0.98137778425084,0.0186222157491599,1.17188372351148,-0.00235599774205361,1.00668387477623e-06,98,1812
"R106E07","Y89-2x1_inference.xml",0.0224116400496143,0.33881535475603,0.66118464524397,0.818730516088573,-0.00262606331185196,1.50449524173672e-06,82,1834
"R106E07","Y89-3x1_inference.xml",0.856633353835377,0.714173387286206,0.285826612713794,0.0688586892151098,-0.000222952562991205,4.17234355097281e-08,104,1814
"R106E07","Y89-4x1_inference.xml",0.36597982484059,0.499980527228559,0.500019472771442,-0.282684918948688,0.00129466137057898,-7.20021859864814e-07,54,1840
"R106E07","Y89-6x1_inference.xml",0.069899804481788,0.734864848613904,0.265135151386096,0.848081945261474,-0.00203254108287922,1.023869346712e-06,114,1844
"R106E07","Y89-7x1_inference.xml",0.0928437742244811,0.327147665734676,0.672852334265324,1.26036920470932,-0.00283010162803627,1.4998665464723e-06,232,1808
"R106E07","Y89-8x1_inference.xml",0.333154960932832,0.30232942118996,0.69767057881004,-0.668676810123015,0.00161205668690179,-8.14314366600011e-07,86,1838
"R106F04","X426-1x402_inference.xml",0.65471597186268,0.570390838408912,0.429609161591088,-0.608174401645862,0.00174819227826157,-1.20661751449576e-06,173,1501
"R106F04","X426L-2x402_inference.xml",0.339605282151962,0.112612831737365,0.887387168262635,0.401541641896583,-0.00233949464602839,2.04095087710955e-06,260,1289
"R106F04","Y37-1x1.xml",0.391890846646373,0.914744922679088,0.0852550773209125,0.346753561266592,-0.000605818791118338,1.64355152296353e-07,127,1773
"R106F04","Y37-3x1_inference.xml",0.778809385116064,0.581380015625199,0.418619984374801,0.741734621686141,-0.00169326169786111,9.70629485157437e-07,200,1572
"R106F04","Y37-4x1_inference.xml",0.288306630129674,0.663169597471621,0.336830402528379,0.644492334293646,-0.0018842900159288,1.00437723692566e-06,163,1722
"R106F04","Y37-5x1.xml",0.0922842305941728,0.898008360764331,0.101991639235669,2.56556163908016,-0.00599090725763825,2.92354586826682e-06,300,1636
"R106F04","Y37-6x1_inference.xml",0.604404920407104,0.281885319018411,0.718114680981589,-0.411516310113609,0.00135550618503011,-6.45855844035042e-07,160,1791
"R106G12","X427-2x402_inference.xml",0.996318398479611,0.490510474040863,0.509489525959137,0.0608999319786395,-0.000191566621984659,1.74400556949188e-07,83,1231
"R106G12","X427-3x402_inference.xml",0.320073289624263,0.831482290389849,0.168517709610151,0.375808469610494,-0.0019325289341704,1.31924497003604e-06,98,1256
"R106G12","X427L-1x402_inference.xml",0.00995292306011102,0.278705507829117,0.721294492170883,-1.70963316254288,0.00612473332194386,-4.55119059675658e-06,74,1295
"R106G12","Y50G-1x1_inference.xml",0.265542378159194,0.325072824625115,0.674927175374884,-0.718426344525722,0.00213668838651171,-1.0752508724358e-06,184,1806
"R106G12","Y50G-2x1_inference.xml",0.193006910716008,0.179067789177506,0.820932210822494,-0.663936032706582,0.00177989637193983,-8.85433404361513e-07,74,1808
"R106G12","Y50G-3x1_inference.xml",0.939524295104242,0.499767671182756,0.500232328817244,-0.316039508882246,0.00041793963813801,-2.23580119858595e-07,158,1819
"R106G12","Y50G-4x1_inference.xml",0.698182364643703,0.195732216784799,0.804267783215201,-0.234229004027399,6.30240519100261e-05,8.50947241688301e-08,96,1782
"R106G12","Y50G-5x1_inference.xml",0.457305553992872,0.849342542168009,0.150657457831991,-0.0380729945001079,0.00102880105501917,-7.37399654435283e-07,202,1796
"R106G12","Y50G-6x1_inference.xml",0.351167140671997,0.123044070356822,0.876955929643177,0.274977587103545,-0.000842773031206333,6.69397690524985e-07,58,1808
"R106G12","Y50G-7x1_inference.xml",0.255337378891039,0.895399132298254,0.104600867701747,0.62889275959145,-0.00147917329263276,6.57735727099897e-07,103,1804
"R107C12","B540-1x2_inference.xml",0.0194144584973837,0.99577733740225,0.0042226625977495,0.251210215213183,0.000194853812055967,-2.75894122254078e-07,77,1880
"R107C12","B540-2x2_inference.xml",0.626831613128036,0.337904235267837,0.662095764732163,-0.435455490311518,0.00117300357183359,-6.23934388341413e-07,73,1764
"R107C12","B540-3x2_inference.xml",0.721847189129546,0.213341107208826,0.786658892791174,-0.0765108698253067,-7.20217075049285e-05,1.74261883699806e-07,108,1792
"R107C12","X498-2x402_inference.xml",0.19264653166579,0.394799373448052,0.605200626551948,0.845921233820298,-0.00195541710983689,1.16009868749742e-06,116,1780
"R107C12","X498-3x402_inference.xml",0.479158202410879,0.384868699274127,0.615131300725873,-0.764406723201028,0.00183963852103376,-1.11248319917067e-06,141,1626
"R107C12","X498-4x402_inference.xml",0.697880944835173,0.583714213377931,0.416285786622069,-1.89115891784156,0.00417129878832885,-2.39852509277533e-06,448,1424
"R107C12","X498-5x402_inference.xml",0.00163009497851914,0.00102546439573446,0.998974535604266,0.301567812315467,-0.00149973516256905,1.24445803422827e-06,324,1675
"R107C12","X498L-2x403_inference.xml",0.123784043844795,0.677656977750498,0.322343022249502,1.14332784314566,-0.00229272570083118,1.1821077521979e-06,204,1776
"R107C12","Y88-1x1_inference.xml",0.166261534716474,0.842252856906632,0.157747143093368,1.19539405064224,-0.00296320231279855,1.45041503041832e-06,153,1769
"R107C12","Y88-3x1_inference.xml",0.939965300488764,0.639670245430902,0.360329754569098,0.0323558824831077,-0.000178970950473031,3.63710102120657e-08,80,1728
"R107C12","Y88-4x1_inference.xml",0.656978389248235,0.547766675126359,0.452233324873641,-0.384550574124498,0.00152558368616409,-8.76714663888951e-07,188,1708
"R12H07","X429-1x402_inference.xml",0.955253908939441,0.378796512465988,0.621203487534012,-0.452683248704555,0.000105719898547035,2.13222854360765e-07,588,1312
"R12H07","X429-2x402_inference.xml",0.746487218556804,0.281507515139783,0.718492484860217,1.29354513574331,-0.00336429258642464,1.98942775190776e-06,582,1362
"R12H07","X429L-1x402_inference.xml",0.431179284585637,0.509033549973242,0.490966450026758,-1.2143088876735,0.00315430857466403,-1.64380692755619e-06,420,1598
"R12H07","Y59-2x1_inference.xml",0.728150923653829,0.791755809153765,0.208244190846235,0.125841978024787,-0.000243914580727411,3.29344180200758e-08,140,1792
"R12H07","Y59-4x1_inference.xml",0.065400667777463,0.0292806809792712,0.970719319020729,-1.17917207992922,0.00232478935747694,-1.01000743712094e-06,97,1776
"R23D05","X432-1x402_inference.xml",0.302882685827267,0.365217612834378,0.634782387165622,-1.19838021016632,0.00424655003080244,-3.75521929722086e-06,121,1084
"R23D05","X432-2x402_inference.xml",0.0771980451023263,0.290276711048289,0.709723288951711,-1.96612795910155,0.00869062242357003,-8.02249554073456e-06,77,1064
"R23D05","X432-5x402_inference.xml",0.200119567500441,0.0809792380309474,0.919020761969053,-1.45365402599987,0.00617052621987019,-4.7502202967991e-06,133,1038
"R23D05","X432L-3x402_inference.xml",0.447656703237257,0.104988800259324,0.895011199740676,-0.885229022883711,0.00181865286991734,-8.33872897506163e-07,78,1146
"R23D05","Y20-2x1_inference.xml",0.293643991129636,0.724419226971799,0.275580773028201,1.06438584362629,-0.00241771913442949,1.24026453566715e-06,140,1754
"R23D05","Y20-3x1_inference.xml",0.356362050951572,0.739446305072811,0.260553694927189,1.17545556678166,-0.00240895177497968,1.16957395368156e-06,162,1806
"R23D05","Y20-4x1_inference.xml",0.823108589975611,0.68124220437624,0.31875779562376,0.0835266658026004,-0.000626771311869446,2.8981345153392e-07,49,1784
"R23D05","Y20-5x1_inference.xml",0.958457762292217,0.404908906453183,0.595091093546817,0.203543464102261,0.000226186163963343,-1.01069433706603e-07,67,1762
"R24D03","B777A-2x2_inference.xml",0.757434953151983,0.223493479221895,0.776506520778105,-0.0904546843638742,0.000259789730860318,-3.39717773030261e-08,130,1835
"R24D03","B777B-3x2.xml",0.923858842850871,0.406454340781697,0.593545659218303,0.0202099320224412,0.00120817674430898,-6.35273860944436e-07,73,1806
"R24D03","X433-2x402_inference.xml",0.596310604146673,0.270703722108268,0.729296277891732,-0.37479215641249,0.00198753212405406,-1.46548277725899e-06,80,1184
"R24D03","X433-3x402_inference.xml",0.561789596604188,0.46812475982669,0.53187524017331,0.764118055040989,-0.0045341819591039,5.57355965382278e-06,59,845
"R24D03","X433-5x402_inference.xml",0.84906035257669,0.708058123219978,0.291941876780022,0.309806274366563,0.000302515328689741,-6.35455176234807e-07,80,1040
"R24D03","Y49-_5x1_inference.xml",0.119890059098581,0.653846561077289,0.346153438922711,0.860525816932332,-0.00160963968015758,8.35327692344968e-07,164,1819
"R24D03","Y49-1x1_inference.xml",0.473639273656963,0.831623241461594,0.168376758538406,0.703305332445153,-0.00116786885203726,5.33566110038642e-07,86,1780
"R24D03","Y49-3x1_inference.xml",0.781986865458493,0.266599769217223,0.733400230782777,0.154852950676038,-0.000434766115486863,3.50260683442268e-07,186,1808
"R24D03","Y49-4x1_inference.xml",0.0585763764475648,0.0114409688080118,0.988559031191988,-0.0623430934334742,-0.000309194490266652,4.68187564678121e-07,138,1798
"R24D03","Y49G-1x1_inference.xml",0.601450803899666,0.265968164225069,0.734031835774931,0.166886119160768,-0.00103257657762787,6.68267910461723e-07,156,1777
"R24D03","Y49G-2x1_inference.xml",0.953892802836761,0.531076431789618,0.468923568210382,0.355663535410222,-0.00081378186249606,4.11615697291534e-07,264,1786
"R26G07","X434-1x402.xml",0.268157073139457,0.0674326849370102,0.93256731506299,2.03715878547316,-0.00652509331297827,4.57273284311967e-06,526,1441
"R26G07","X434-3x402_inference.xml",0.760542010650537,0.772509727762318,0.227490272237682,-0.119113441954574,-8.94845680588531e-07,-1.6462457400047e-07,340,1586
"R26G07","X434L-1x402_inference.xml",0.405904767011611,0.0930925022698504,0.90690749773015,0.0883285739009404,-0.000725486448896157,9.2614649720066e-07,395,1506
"R26G07","Y66-10x1_inference.xml",0.428461521685767,0.897751065012307,0.102248934987693,0.0759824569750502,0.000173712019121836,-3.10687141335859e-07,114,1750
"R26G07","Y66-2x1_inference.xml",0.68154819728018,0.212308777033748,0.787691222966252,0.0121472451761745,-0.000237732670102524,2.1973066906083e-07,123,1828
"R26G07","Y66-3x1_inference.xml",0.716560572175743,0.566846315023851,0.433153684976149,-0.145233086138587,0.000721945393714551,-4.0901700985552e-07,185,1750
"R26G07","Y66-6x1_inference.xml",0.200118823101735,0.360268496468454,0.639731503531546,-0.801127602428161,0.00212062994701761,-1.12562682435833e-06,66,1816
"R26G07","Y66-7x1_inference.xml",0.919294318468552,0.479066964292285,0.520933035707715,0.0233263184639564,-0.000366706623731506,2.10660468077817e-07,86,1824
"R26G07","Y66-9x1_inference.xml",0.598986733569825,0.5415595100872,0.4584404899128,0.474202480343643,-0.0013385362743342,7.31184053518115e-07,110,1810
"R26G07","Y67-1x1_inference.xml",0.495723598051616,0.709135677575272,0.290864322424728,0.490682404308576,-0.00123067750369795,6.05737956977712e-07,156,1786
"R26G07","Y67G-1x1_inference.xml",0.134664072711176,0.862469736927695,0.137530263072305,0.856978390069144,-0.00166769698881876,7.89733952653815e-07,126,1820
"R26G07","Y67G-2x1_inference.xml",0.607867919151081,0.547193250323538,0.452806749676462,0.534705790074195,-0.00129853607765081,6.89170885959424e-07,127,1808
"R27E01","X435-1x402_inference.xml",0.522652015510492,0.122481067287063,0.877518932712937,-0.104468900875331,0.000440623749055262,-2.76511133751976e-09,108,1502
"R27E01","X435-5x402_inference.xml",0.101596653697481,0.0595552350880017,0.940444764911998,-0.982881887496816,0.00309484582111845,-1.94470920620784e-06,95,1282
"R27E01","X435L-2x402_inference.xml",0.868867749489795,0.689393516397338,0.310606483602662,0.248394146263339,-0.00111271024124327,7.52635629754772e-07,102,1027
"R27E01","Y32-1x1_inference.xml",0.455657961972777,0.10698965755919,0.89301034244081,-0.0664214316064792,-4.01942973943171e-05,1.96035396586644e-07,79,1809
"R27E01","Y32-2x1_inference.xml",0.420538698225764,0.90720829930327,0.0927917006967303,0.130313630174113,-8.90740886505814e-05,-1.86901120223076e-07,112,1740
"R27E01","Y32-3x1_inference.xml",0.857528220672025,0.303160720842489,0.696839279157511,0.121728852760705,-0.000132530106562476,1.40916492379062e-07,75,1828
"R27E01","Y32-5x1_inference.xml",0.0215653622963266,0.992015864767728,0.00798413523227162,-0.0369680700314609,0.000442297155137248,-4.41877054834352e-07,52,1828
"R27E01","Y32-6x1_inference.xml",0.913969637600885,0.63833569639041,0.36166430360959,0.0519167373424977,0.000136981585171701,-1.16373093833041e-07,35,1830
"R27E01","Y33-1x1_inference.xml",0.543880877234817,0.617212567657406,0.382787432342594,-0.0133846331745516,0.000676916104088546,-3.96690668323451e-07,66,1845
"R31B01","X437-1x402_inference.xml",0.965260228488993,0.555595046857423,0.444404953142577,-0.18711612736656,0.000602518356730536,-4.06688648097751e-07,143,1594
"R31B01","X437-2x402_inference.xml",0.972903634464698,0.48885492651612,0.51114507348388,-0.00506681271322366,-0.000398394755085101,2.3531700081922e-07,192,1684
"R31B01","X437-3x402_inference.xml",0.941476188710456,0.381820492578598,0.618179507421402,-0.401763789460907,0.0012420005951741,-6.16167322276775e-07,447,1420
"R31B01","Y40-1x1_inference.xml",0.883176738185745,0.308837947643517,0.691162052356483,-0.144901006178069,6.07646387054758e-06,5.39070741569758e-08,70,1814
"R31B01","Y40-2x1_inference.xml",0.0450038223634815,0.00587317020263802,0.994126829797362,-0.475951527188257,0.00076863565676942,-1.52202581083009e-07,58,1761
"R31B01","Y40-3x1_inference.xml",0.109247441607486,0.219829851119029,0.780170148880971,0.567703493726816,-0.00177519301137357,1.11661005160518e-06,60,1754
"R31B01","Y40-5x1_inference.xml",0.604330034011934,0.784612022177707,0.215387977822293,0.701858032217012,-0.00128752349777257,6.056942323536e-07,98,1707
"R31H05","X439-1x402_inference.xml",0.0742903318356577,0.12486145835683,0.87513854164317,-0.82237387311692,0.00403081032744629,-3.33617607570819e-06,91,1048
"R31H05","X439-3x402_inference.xml",0.58748645155584,0.341078560505373,0.658921439494627,-0.668794426610169,0.00296238443520059,-2.1909221926959e-06,86,1288
"R31H05","Y62-1x1_inference.xml",0.97609369272876,0.588067605009324,0.411932394990676,0.144263116704095,-1.45876448978114e-05,-1.97892892465044e-08,106,1770
"R31H05","Y62-2x1_inference.xml",0.00128034334129592,0.99986791716898,0.000132082831019495,0.863545119956126,-0.00111873297558763,2.6878349308095e-07,121,1758
"R31H05","Y62-3x1_inference.xml",0.172855909131404,0.0847704241698945,0.915229575830106,0.0882164990326155,-0.00112802166636978,7.66591657393525e-07,147,1828
"R32B05","X487A-1x402_inference.xml",0.31826230621956,0.0743073892831403,0.92569261071686,-0.193644636838027,-0.000440272464293923,6.75642275799831e-07,118,1600
"R32B05","Y17-1x1_inference.xml",0.59541907393503,0.282829334359457,0.717170665640543,-0.267883388168326,0.000944965846397194,-4.6545255211707e-07,48,1830
"R32B05","Y17-2x1_inference.xml",0.542836873546324,0.3704235576866,0.6295764423134,0.138912381391475,-0.00090031355003757,5.78130074859592e-07,24,1778
"R32B05","Y17-3x1_inference.xml",0.727083711813038,0.208668303244876,0.791331696755124,-0.194345170715606,0.000100477931358042,6.1542693849598e-08,78,1806
"R32B05","Y17-4x1_inference.xml",0.594190391859668,0.171939563116686,0.828060436883314,-0.280457189575501,0.000667096703881954,-2.63332038426945e-07,44,1758
"R32B05","Y17-5x1_inference.xml",0.981499693607822,0.477768958937283,0.522231041062716,-0.314798884029342,0.000402934025624877,-2.17182523551513e-07,168,1693
"R33F03","A17-2x102_inference.xml",0.633735794889893,0.834728970207667,0.165271029792333,0.357312387077903,-0.000476048955751531,7.34021670032547e-08,206,1700
"R33F03","A17-6x102_inference.xml",0.995557128666307,0.506269508211866,0.493730491788134,0.0479920535668676,-0.000133660130179393,7.45657297258361e-08,117,1791
"R33F03","B563-2x2_inference.xml",0.864706840723932,0.311099031633483,0.688900968366517,-0.0583322187746981,0.000338177041660153,-1.30997182988038e-07,144,1811
"R33F03","X440-1x402_inference.xml",0.634796597300429,0.820443900522753,0.179556099477247,0.0608055972207594,0.000262678243984029,-4.5850525024174e-07,108,1404
"R33F03","X440L-2x402_inference.xml",0.0355700429072505,0.0435957931481189,0.956404206851881,-1.66828882304288,0.00659968977029321,-5.04096136082463e-06,70,1110
"R33F03","Y54-1x1_inference.xml",0.860465333074511,0.296635195061487,0.703364804938513,-0.0914077963481103,-5.45305582824038e-05,1.19898266454162e-07,22,1820
"R33F03","Y54-3x1.xml",0.621804993503122,0.200282346853322,0.799717653146678,0.282539715725013,-0.00108756528683946,8.67397683502659e-07,218,1732
"R33F03","Y54-6x1_inference.xml",0.822956493386446,0.362521953864511,0.637478046135489,-0.117871689766899,-0.000501515656700598,3.34385617409622e-07,64,1826
"R34C11","B778A-1x2_inference.xml",0.165457002633475,0.0620291399639763,0.937970860036024,0.0668790289676768,-0.00111615395962083,8.80924117783823e-07,70,1850
"R34C11","B778A-5x2_inference.xml",0.847887584617195,0.391640486206456,0.608359513793544,-0.537946396642935,0.00121275148858212,-5.95424876741528e-07,61,1826
"R34C11","B778B-2x2_inference.xml",0.0282474840960262,0.323495465205644,0.676504534794356,1.74476377059163,-0.0048846266992815,2.63763086128643e-06,100,1866
"R34C11","X488-1x402T_inference.xml",0.00617830922799535,0.519178754888499,0.480821245111501,1.10774614278082,-0.00323887104799444,1.92242146267886e-06,56,1773
"R34C11","X488-2x402_inference.xml",0.412198631570794,0.514699566507725,0.485300433492275,-0.482127858906343,0.00156914158470634,-9.55110353422135e-07,84,1724
"R34C11","Y85-1x1_inference.xml",0.326401917474076,0.0685058726228576,0.931494127377142,-0.339738334806536,0.000822328107053719,-2.50340472527351e-07,216,1728
"R34C11","Y85-4x1.xml",0.79794949280006,0.248107494894377,0.751892505105623,-0.206704777037328,9.28949683449116e-05,1.04513226559905e-07,119,1714
"R34C11","Y85-5x1_inference.xml",0.798508040704061,0.564927204852805,0.435072795147195,-0.144013797175256,0.00106579475932538,-6.14213674337515e-07,215,1714
"R34C11","Y85-6x1_inference.xml",0.0720713688865098,0.0219880271973287,0.978011972802671,0.0497148516385192,-0.000829945764301817,8.20784030407523e-07,122,1664
"R35A08","X442-1x402_inference.xml",0.512078348656251,0.60551765888548,0.39448234111452,-0.371558580694923,0.00135822403529627,-1.01776209094983e-06,62,1454
"R35A08","X442-2x402_inference.xml",0.850441659567533,0.706430251271736,0.293569748728265,-0.209170140510791,0.000189717371319943,-2.05503351568925e-07,222,1603
"R35A08","Y82-10x1_inference.xml",0.663873749697817,0.352847165282987,0.647152834717013,0.0200860915333034,-0.000540374715138612,3.39209465560396e-07,50,1860
"R35A08","Y82-11x1_inference.xml",0.167294070207406,0.348406442966201,0.651593557033799,-1.38707558610409,0.00316136911827176,-1.63331402904859e-06,178,1762
"R35A08","Y82-12x1_inference.xml",0.940421732242622,0.627109436848559,0.372890563151441,0.26566860578916,-0.000168960766775321,6.64252292743878e-08,104,1787
"R35A08","Y82-13x1_inference.xml",0.179175886551227,0.0349729802880698,0.96502701971193,-0.63667244664151,0.000876606703142137,-2.79372879938257e-07,78,1780
"R35A08","Y82-7x1_inference.xml",0.455702631470581,0.844823166395741,0.155176833604259,-0.0884786153968977,0.000934938457734454,-7.22018870874458e-07,91,1820
"R35A08","Y82-8x1_inference.xml",0.362316952609287,0.279458299325524,0.720541700674476,0.875063370966024,-0.00184165761231627,1.13789950269863e-06,206,1674
"R35A08","Y83-1x1_inference.xml",0.0866097578661468,0.0709862710747073,0.929013728925293,0.258410884428466,-0.00114160977351213,7.92631299965287e-07,70,1860
"R35A08","Y83-5x1_inference.xml",0.0955812203364773,0.838394176912797,0.161605823087203,0.73143788258375,-0.00172481940232406,8.66020639182251e-07,48,1840
"R37A04","Y47-1x1_inference.xml",0.962907809823038,0.560449911471759,0.439550088528241,0.0934566952017563,-0.00026784739472107,1.28684115831408e-07,56,1856
"R37A04","Y47-2x1_inference.xml",0.401209224540075,0.676149277049921,0.323850722950079,0.733077616697475,-0.0020514450219976,1.08659464781932e-06,116,1759
"R37A04","Y47-3x1_inference.xml",0.528202983152083,0.707462862951147,0.292537137048853,0.22719072091991,-0.000605325969273586,3.00296275999334e-07,99,1822
"R37A04","Y47-4x1_inference.xml",0.91201550343304,0.455993319483815,0.544006680516185,0.293101779918602,-0.000421866676675174,2.43809081071194e-07,164,1778
"R37A04","Y47-5x1_inference.xml",0.863333578554531,0.685521588827904,0.314478411172096,0.37109104725786,-0.000411922429053929,1.62673779823933e-07,104,1848
"R37A04","Y48A-1x1_inference.xml",0.599884175265113,0.631538739839996,0.368461260160004,-0.429281764178409,0.00148027316559458,-8.82341867828393e-07,172,1692
"R37A04","Y48A-2x1_inference.xml",0.784328787020529,0.514455985033797,0.485544014966203,-0.30519765251878,0.000622658480506487,-3.60122365930254e-07,118,1724
"R37A04","Y48A-3x1_inference.xml",0.194062553932163,0.318803275033901,0.681196724966099,0.983334404529956,-0.00273911028541863,1.59784528322059e-06,135,1808
"R37A04","Y48A-4x1_inference.xml",0.437407237597564,0.119511349176996,0.880488650823004,-0.0703518009428495,-0.000228823334262952,2.43831423840045e-07,26,1862
"R37A04","Y48A-5x1_inference.xml",0.525526489556067,0.671080513222643,0.328919486777357,0.476069023073179,-0.000932541007533113,4.9413920922404e-07,76,1768
"R41F01","X445-1x402_inference.xml",0.840542937603813,0.275417941041144,0.724582058958856,-0.131711898016612,4.84269916471094e-05,8.94654787711753e-08,194,1662
"R41F01","X445-2x402_inference.xml",0.872672099051068,0.587785727630697,0.412214272369303,0.469100378931142,-0.00102160097287806,5.89406664820281e-07,162,1548
"R41F01","X445-4x402_inference.xml",0.058739434353029,0.0319248876352433,0.968075112364757,-0.702977376147881,0.00175416756079691,-8.3580339631118e-07,28,1678
"R41F01","X445L-3x402_inference.xml",0.400888945561845,0.617481015087856,0.382518984912144,0.966486591473466,-0.00292140928034053,1.77960586479765e-06,192,1509
"R41F01","Y56-2x1_inference.xml",0.742793330107084,0.783202444544486,0.216797555455514,0.117653272551683,-8.0989465445571e-05,-6.08698042408377e-08,145,1808
"R41F01","Y56-3x1_inference.xml",0.809769007742095,0.740358380602396,0.259641619397604,0.20700953897049,-0.000323370281105216,9.63218703755428e-08,61,1820
"R41F01","Y56-4x1_inference.xml",0.0188959676355847,0.00213359628744476,0.997866403712555,-0.402056700450123,0.000402109026726266,1.13462790949835e-07,70,1810
"R44E07","X446L-2x402_inference.xml",0.283843092196085,0.0528763693804154,0.947123630619585,-0.622433570661431,0.000895078224485455,-1.04569270886352e-07,448,1507
"R44E07","Y81-1x1_inference.xml",0.827738490037775,0.574239782014467,0.425760217985533,0.252921412206118,-0.000578142332909625,3.00549957573066e-07,88,1826
"R44E07","Y81-3x1_inference.xml",0.201321993763118,0.938209219078699,0.0617907809213013,-0.0482665912442914,0.000633770966169406,-5.61301731797309e-07,75,1831
"R44E07","Y81-4x1_inference.xml",0.346984641337672,0.811974081641683,0.188025918358317,1.08956640208285,-0.00233171055708911,1.05877166193464e-06,64,1802
"R44E07","Y81-5x1_inference.xml",0.120618926610513,0.368201522770759,0.631798477229241,-0.316294958963076,0.00127009034621213,-6.87072937481383e-07,40,1848
"R44E07","Y81-6x1_inference.xml",0.657026902678853,0.783824332287186,0.216175667712814,0.0368424964283914,0.000381081432096831,-3.12532203762125e-07,114,1808
"R45E04","X489-3x402_inference.xml",0.682872962755045,0.79049750460774,0.20950249539226,0.205433787734541,-0.000667154112187951,2.72108054839496e-07,134,1701
"R45E04","X489-4x402_inference.xml",0.0537045146688428,0.011779939716833,0.988220060283167,0.321725112722836,-0.00280282889736239,2.48246066556003e-06,418,1477
"R45E04","Y75-1x1_inference.xml",0.0328208270771174,0.995891192790242,0.00410880720975796,0.539500365068799,-0.000211997523066587,-1.41819151356932e-07,80,1833
"R45E04","Y75-2x1_inference.xml",0.168371010544615,0.877064310723127,0.122935689276873,1.08764337786372,-0.00232812160322123,1.08686424429708e-06,171,1800
"R45E04","Y75-4x1_inference.xml",0.149899321586926,0.0831369495844045,0.916863050415595,-0.633456110585674,0.00158179436801098,-7.14138105494323e-07,24,1876
"R45E04","Y75-5x1_inference.xml",0.600026479880147,0.1530902360207,0.8469097639793,-0.0941822929861846,7.07232879888281e-05,6.41262823973747e-08,50,1826
"R45E04","Y75-6x1_inference.xml",0.293646933615909,0.784056433064036,0.215943566935964,-0.29870363131059,0.00109071446948395,-6.68069352051984e-07,148,1840
"R46C04","X447-1x402_inference.xml",0.775449409144172,0.545507701295253,0.454492298704747,-1.50160758788186,0.00381276626838377,-2.15454342252065e-06,424,1520
"R46C04","X447-3x402_inference.xml",0.408464346733085,0.90393383947813,0.0960661605218701,0.392951770027707,-0.000789977765719825,2.66010244625577e-07,96,1766
"R46C04","X447-4x402_inference.xml",0.315709269363495,0.532010177511819,0.467989822488181,-1.60396098189445,0.00410982330140956,-2.33913641094671e-06,370,1582
"R46C04","Y43-1x1_inference.xml",0.59955016110086,0.16216228371813,0.83783771628187,-0.13446646313641,0.000557802982793944,-1.85572248529126e-07,148,1803
"R46C04","Y43-3x1_inference.xml",0.921695634465288,0.395286042128697,0.604713957871303,0.0300915394958302,-0.000278378144789508,1.81273865890923e-07,143,1820
"R46C04","Y43-4x1_inference.xml",0.527556649209782,0.15329324669574,0.84670675330426,0.186969988758952,-0.000488825754567713,4.3226329740238e-07,174,1752
"R46C04","Y43-5x1_inference.xml",0.570992122278376,0.147208752289329,0.852791247710671,-0.162272312240702,-5.8372741088829e-05,1.94445759103946e-07,133,1848
"R49F11","A19-1x102_inference.xml",0.720914088497187,0.795039475290557,0.204960524709443,0.229373035333409,-0.000129294320172959,-5.7723254604045e-08,172,1694
"R49F11","X490-1x402_inference.xml",0.777213123636306,0.524001724272881,0.475998275727119,-0.488527870307997,0.00134798606881092,-7.16566152188674e-07,270,1840
"R49F11","X490-3x402_inference.xml",0.573382365181765,0.157351954502174,0.842648045497826,-0.113145461014684,-0.0004314232237121,4.49828807245949e-07,256,1640
"R49F11","X490-5x402_inference.xml",0.694362335848757,0.715099631370043,0.284900368629957,0.348250927493782,-0.000770208563931834,3.5343771688054e-07,167,1824
"R49F11","Y69-1x1_inference.xml",0.893743308453654,0.47967837475304,0.52032162524696,0.359955674388136,-0.000503849301860989,2.80928724062345e-07,132,1812
"R49F11","Y69-3x1_inference.xml",0.120975973982374,0.851405362246649,0.148594637753351,-0.884953861970311,0.00283205191915398,-1.73774714607343e-06,157,1794
"R49F11","Y69-4x1_inference.xml",0.466160232714536,0.707852100734613,0.292147899265387,0.465131174236681,-0.00148543132719103,7.44003407148897e-07,112,1815
"R49F11","Y69-5x1_inference.xml",0.415963260399343,0.897708852852664,0.102291147147336,0.155254985654626,0.000252123104285105,-3.17069224755811e-07,142,1811
"R49F11","Y69-6x1_inference.xml",0.947323254441151,0.383234922856272,0.616765077143728,0.0308549889989909,-0.000109468100190999,9.54216272568583e-08,132,1824
"R52B09","A20-4x102_inference.xml",0.01010791553155,0.863770700452675,0.136229299547325,1.36489640398815,-0.00294978597815477,1.50859611108035e-06,114,1770
"R52B09","A20-5x102_inference.xml",0.541130914861843,0.183138927416671,0.816861072583329,0.28641320508876,-0.000525777280316389,4.16461427962274e-07,102,1801
"R52B09","A20x102_inference.xml",0.972528272004897,0.521042439625785,0.478957560374215,0.164070835784859,-0.000364983469764098,2.02138024574289e-07,136,1708
"R52B09","Y53-1x1_inference.xml",0.135898985592919,0.620131901107866,0.379868098892134,0.996375128124763,-0.00234907073451327,1.20956364620726e-06,158,1828
"R52B09","Y53-2x1_inference.xml",0.303817909155606,0.94159906206449,0.0584009379355101,0.494284588350741,-0.000496450749918173,8.39179393354141e-08,150,1832
"R52B09","Y53-3x1_inference.xml",0.0155849693788196,0.170178431094635,0.829821568905365,0.94492806442753,-0.00297216706000924,1.71406771050804e-06,170,1824
"R52B09","Y53-4x1_inference.xml",0.424558539654236,0.898119945898542,0.101880054101458,0.212080073585035,-0.000756954040436086,2.65689147604563e-07,122,1716
"R52B09","Y53-5x1_inference.xml",0.303063816575608,0.680542865091783,0.319457134908217,-0.443355228770512,0.00149260815937554,-8.53982912689594e-07,134,1838
"R52B09","Y53-6x1_inference.xml",0.585002587550692,0.165213454844351,0.834786545155649,-0.0512400064285798,-0.000292072933739331,2.97790825561959e-07,154,1840
"R52E07","X450-1x402_inference.xml",0.51196299954361,0.122803431930644,0.877196568069356,-0.0483665193083662,-1.33944439070882e-06,4.61062345966703e-07,230,1367
"R52E07","X450-2x402_inference.xml",0.655422906037927,0.21071718386462,0.78928281613538,-0.212071715383463,-0.000573609434309199,7.82003069716995e-07,72,1200
"R52E07","Y51-1x1_inference.xml",0.503201975367963,0.319701652837039,0.680298347162961,0.365179653636054,-0.00096842321034365,6.17276491238423e-07,72,1808
"R52E07","Y51-2x1_inference.xml",0.438720264944154,0.864373744893694,0.135626255106306,-0.165249988488271,0.000887102188790755,-6.91772348732068e-07,234,1721
"R52E07","Y51-4x1_inference.xml",0.750766598681288,0.777743423953126,0.222256576046874,0.244617458934735,-5.48427559064022e-05,-8.85260639342212e-08,126,1796
"R52E07","Y51-6x1_inference.xml",0.543988222865246,0.192398825257465,0.807601174742535,-0.518050054246548,0.000820638865095566,-3.59946156183257e-07,76,1830
"R52E07","Y52-1x1_inference.xml",0.762492430568075,0.740045189785144,0.259954810214856,0.164428447953029,-0.000510335283973751,2.10638154250779e-07,104,1808
"R52E07","Y52-2x1_inference.xml",0.378795714871453,0.388327215616398,0.611672784383602,-0.517610656775529,0.00139500353048489,-7.51614364419784e-07,76,1795
"R53C03","X451A-1x402_inference.xml",0.370582218604818,0.0868904222470029,0.913109577752997,-3.51535981211104,0.00652010418345697,-2.65237686418728e-06,512,1338
"R53C03","X451A-4x402_inference.xml",0.299967533932902,0.451751377067854,0.548248622932146,-2.90011398136047,0.0069348329920183,-4.22599083560126e-06,346,1430
"R53C03","X451A-5x402_inference.xml",0.840870609719848,0.694393510067449,0.305606489932551,0.837699682418672,-0.00169299320509138,7.66338024342252e-07,428,1506
"R53C03","Y63-1x1_inference.xml",0.795315698375697,0.497226834865198,0.502773165134802,-0.416813476428562,0.000739288635932278,-4.01211400409654e-07,138,1814
"R53C03","Y63-2x1_inference.xml",0.163349562502867,0.109121631597808,0.890878368402192,0.157542491699399,-0.00116436310947628,8.30672366357616e-07,90,1766
"R53C03","Y63-3x1_inference.xml",0.831543215120453,0.274630297490136,0.725369702509864,-0.234409706609042,0.000479804815896124,-1.4959360126909e-07,192,1787
"R53C03","Y63-5x1_inference.xml",0.525606156440205,0.876128232854468,0.123871767145532,0.303537640756205,-0.000214378148215802,-5.94855986509122e-08,178,1772
"R53C03","Y63-7x1_inference.xml",0.495166194987563,0.421170548966352,0.578829451033648,0.483381292982003,-0.00153742530475172,8.905914347996e-07,92,1817
"R53C03","Y64-3x1_inference.xml",0.539450808601524,0.227394084217877,0.772605915782123,0.15132101483028,-0.000946103956994364,6.46398273656156e-07,116,1790
"R53C03","Y64-4x1_inference.xml",0.416650073319756,0.90993627265436,0.0900637273456403,0.557431183513279,-0.000620849918726335,1.21887920791666e-07,124,1798
"R60D10","X454-3x402_inference.xml",0.954231050102313,0.529523731291057,0.470476268708943,-0.537644342991706,0.00102615007385915,-5.98901602799006e-07,363,1648
"R60D10","X454L-1x402_inference.xml",0.92021229737978,0.338487113190265,0.661512886809735,0.0361900459547771,0.000196926803177784,5.33348387631079e-08,417,1342
"R60D10","Y46-1x1_inference.xml",0.753310232863189,0.657363246119713,0.342636753880288,0.549259931944127,-0.00124040687224425,6.13552178200871e-07,150,1756
"R60D10","Y46-2x1_inference.xml",0.956443339625136,0.54064766054418,0.45935233945582,0.238255269917072,-0.000339074320389777,1.79511405608248e-07,63,1814
"R60D10","Y46-3x1_inference.xml",0.464070050248816,0.310789795727335,0.689210204272665,0.652806544150054,-0.00149348008727884,8.79073211186374e-07,201,1760
"R60D10","Y46-6x1_inference.xml",0.721499404621547,0.321377018188857,0.678622981811143,0.227770897221162,-0.000618006980761059,4.10341816897346e-07,64,1795
"R63F09","X456-2x402_inference.xml",0.283046209161917,0.939898066980462,0.0601019330195386,2.71719648265195,-0.00518373611809588,1.93198157538733e-06,427,1455
"R63F09","X456L-1x402_inference.xml",0.714016222794265,0.742041891985457,0.257958108014543,-0.167051146001274,0.000913374840906767,-6.57965030562388e-07,271,1646
"R63F09","X456L-3x402_inference.xml",0.437215534166949,0.904663966287727,0.095336033712273,1.24051373721134,-0.00179130861568955,3.9996357590689e-07,611,1326
"R63F09","Y25-1x1_inference.xml",0.669041572716389,0.191512019443121,0.808487980556879,-0.110131385624829,-8.91422713405891e-05,1.64976391741031e-07,58,1844
"R63F09","Y25-2x1_inference.xml",0.197241763272243,0.0735486053292713,0.926451394670729,-0.660039974407587,0.00147952299419468,-6.33112922880395e-07,100,1809
"R63F09","Y25-3x1_inference.xml",0.160540475715661,0.0371343042872424,0.962865695712758,-0.514591880823219,0.00112120089938151,-4.07305115796446e-07,82,1824
"R63F09","Y25-5x1_inference.xml",0.787195795945727,0.729570631162873,0.270429368837127,0.124766814298647,0.000156132574188643,-1.49868332241653e-07,28,1817
"R63F09","Y25-6x1_inference.xml",0.187278097614759,0.349568359840224,0.650431640159776,0.484329648408262,-0.00126280276285098,7.25150077690481e-07,71,1870
"R65A10","A35-3x102_inference.xml",0.262660834205354,0.952177522812359,0.0478224771876415,0.374007543777784,-0.000342146877439707,-4.76557741758929e-08,97,1820
"R65A10","A35-4x102_inference.xml",0.312761371366081,0.0656408918064272,0.934359108193573,-0.442635322833268,0.000901419075458584,-2.76097874000266e-07,146,1752
"R65A10","A35-7x102_inference.xml",0.554796055783291,0.292978082121016,0.707021917878984,0.376660339546684,-0.00102721281308106,7.1656051816363e-07,76,1741
"R65A10","X457-1x402_inference.xml",0.328940270027119,0.577420010622347,0.422579989377653,1.46815817787584,-0.00347825568612321,1.83271649005993e-06,346,1594
"R65A10","Y74-1x1_inference.xml",0.132316524782331,0.0447499471610842,0.955250052838916,0.193519229220221,-0.000712701697840684,6.01985415920189e-07,102,1810
"R65A10","Y74-2x1_inference.xml",0.355584222507296,0.284828640613167,0.715171359386833,-0.415982808303503,0.00145407427332156,-7.42120356002993e-07,56,1842
"R65A10","Y74-3x1_inference.xml",0.683406352534787,0.49589905533336,0.50410094466664,-0.258374581383668,0.00100486505649507,-5.32488439227276e-07,118,1852
"R65A10","Y74-4x1_inference.xml",0.158197981897153,0.180857788344396,0.819142211655604,-0.56981762407421,0.00128628104162341,-6.31431989976115e-07,81,1836
"R65A10","Y74-5x1_inference.xml",0.677923082306265,0.702861003278679,0.297138996721321,-0.400761292405169,0.00171801993409717,-1.10212676468689e-06,292,1616
"R65A10","Y74G-2x1_inference.xml",0.48818514312187,0.533197139394091,0.466802860605909,-0.358969416192203,0.00113499659769707,-6.28084064559904e-07,127,1798
"R65A10","Y74G-3x1_inference.xml",0.156233778177476,0.0249829588126901,0.97501704118731,-0.483382378760894,0.000579456721537392,-8.39818885279786e-08,106,1822
"R65E02","X458-1x402_inference.xml",0.244864264659597,0.87510317722281,0.12489682277719,-1.1142675193467,0.00314450300820849,-2.18169888293094e-06,286,1659
"R65E02","Y84-1x1_inference.xml",0.128902309053213,0.876830701883111,0.123169298116889,-0.372050231448288,0.00137386568433425,-8.94315718552507e-07,97,1811
"R65E02","Y84-2x1_inference.xml",0.734143888211624,0.778744125278402,0.221255874721598,0.315574617584948,-0.000405537916076022,1.3257180694732e-07,21,1826
"R65E02","Y84-3x1_inference.xml",0.243673807594414,0.0852835167134165,0.914716483286584,-0.267728938090077,0.000974353231501203,-4.19645955747392e-07,58,1826
"R65E02","Y84-4x1_inference.xml",0.426394535903909,0.231522322734331,0.768477677265669,-0.483675351965891,0.00115879574943056,-5.65512083814816e-07,43,1823
"R65E02","Y84-5x1_inference.xml",0.266112669805302,0.947853818655777,0.0521461813442234,0.318065006975862,-4.28962175042038e-05,-2.43992316428027e-07,96,1800
"R65E02","Y84-6x1_inference.xml",0.964001433508972,0.402833241620095,0.597166758379905,0.0576090074963396,-7.56573547421991e-05,7.01823256418383e-08,102,1830
"R67C09","A21-2x102_inference.xml",0.0631659999646497,0.913618312118476,0.0863816878815239,1.76903668276899,-0.00388728730607367,1.78814730957325e-06,182,1806
"R67C09","A21-5x102_inference.xml",0.275970500661732,0.914726095953989,0.0852739040460114,0.884332006059263,-0.00170781556121177,7.15999766024976e-07,208,1734
"R67C09","A21-8x102_inference.xml",0.338026555911401,0.164491258649555,0.835508741350445,0.650040085537742,-0.00170119372961574,1.10374869888362e-06,183,1750
"R67C09","X459-2x402_inference.xml",0.486657320995941,0.741119201877079,0.258880798122921,0.777614261937759,-0.00180399883938671,1.23899090536508e-06,86,1296
"R67C09","X459-3x402_inference.xml",0.980937802751235,0.468516424824152,0.531483575175848,-0.00122440084869996,0.000443807846266107,-3.76818369443747e-07,80,1128
"R67C09","X459L-1x402_inference.xml",0.672706543047776,0.204882385760979,0.795117614239021,0.358973229134671,-0.000564166609869934,1.07443089182822e-06,68,1046
"R67C09","Y72-1x1_inference.xml",0.15950938429343,0.287052270490964,0.712947729509036,-1.2038018678907,0.00271642055654708,-1.35797273585784e-06,154,1832
"R67C09","Y72-2x1_inference.xml",0.972343157526009,0.445555374250258,0.554444625749742,-0.116132417770819,0.00028032115011672,-1.33511648732517e-07,156,1810
"R67C09","Y72-3x1_inference.xml",0.0513806920643476,0.0705748598059919,0.929425140194008,-0.614939132847442,0.00170831682650076,-8.24331019075969e-07,72,1806
"R67C09","Y72-6x1_inference.xml",0.715214636785341,0.342909030274725,0.657090969725275,0.291008386210582,-0.000780077782787199,4.70434009320941e-07,148,1833
"R69C04","A22-2x102_inference.xml",0.789765243741146,0.633943590181266,0.366056409818734,-0.0922661832788708,0.000688344654106562,-4.42842842655248e-07,155,1725
"R69C04","A22-4x102_inference.xml",0.676263630490582,0.31107864232789,0.68892135767211,-0.437648469007766,0.00161343628469785,-8.36960703577266e-07,206,1606
"R69C04","A22-8x102_inference.xml",0.0564785603118001,0.497908312187569,0.502091687812431,0.757829754242949,-0.00252444198751043,1.47041617708509e-06,132,1718
"R69C04","Y76-1x1_inference.xml",0.518155052572004,0.728650730342625,0.271349269657375,-0.254039674840356,0.000862715330258661,-6.00597877726519e-07,40,1786
"R69C04","Y76-3x1_inference.xml",0.549741249479967,0.540005902443596,0.459994097556404,0.345991896431433,-0.000937043452967934,5.30893016187734e-07,52,1798
"R69C04","Y76-5x1_inference.xml",0.686019538833961,0.789333656004493,0.210666343995507,-0.0311862712405852,0.000174548103693989,-1.95636171875526e-07,54,1826
"R69C04","Y76-6x1_inference.xml",0.875618039982058,0.301133503407772,0.698866496592228,-0.0486089734489074,2.72100850111224e-05,4.17471764061744e-08,128,1828
"R72D11","X462A-1x402_inference.xml",0.603626211336194,0.23552885325618,0.76447114674382,0.287260354173273,-0.00136703885588717,1.05293736410615e-06,206,1537
"R72D11","X462A-3x402_inference.xml",0.682867690183228,0.341307789994511,0.658692210005489,-0.66962330319263,0.00158996438878412,-8.09575800258871e-07,289,1676
"R72D11","Y80-1x1_inference.xml",0.0839483482997518,0.0125492296930735,0.987450770306927,-0.529232323327698,0.00016570914586645,1.95600371821233e-07,77,1832
"R72D11","Y80-2x1_inference.xml",0.52056870821236,0.437124560233286,0.562875439766714,0.41757273391013,-0.00115399613650935,6.72673257822397e-07,22,1886
"R72D11","Y80-3x1_inference.xml",0.200668900446827,0.0344093065103029,0.965590693489697,-0.431961279522375,0.000511898046035611,-9.10546659543069e-08,98,1821
"R72D11","Y80-5x1_inference.xml",0.813018761704692,0.72518543448625,0.27481456551375,0.11921365219402,0.000172672777775721,-1.85808390240969e-07,75,1848
"R72D11","Y80-6x1_inference.xml",0.442154975948741,0.117798203849647,0.882201796150353,-0.649685679690556,0.000963753103248644,-3.61075244615016e-07,109,1825
"R77F09","A23-1x102_inference.xml",0.0762557875842309,0.0439006053901833,0.956099394609817,0.43610831307286,-0.00255235180149762,1.91620667020162e-06,157,1716
"R77F09","A23-4x102_inference.xml",0.901619690347311,0.51583632824718,0.48416367175282,0.429856769963344,-0.00101599861594417,5.53024339401697e-07,129,1776
"R77F09","X466-4x402_inference.xml",0.514355209400698,0.787945877000281,0.212054122999719,-0.33567213820138,0.00284235198072558,-3.82421305379953e-06,77,938
"R77F09","X466-5x402_inference.xml",0.304216558341694,0.258682469683469,0.741317530316531,0.62339541578299,-0.00313082880077796,3.16804911857237e-06,84,1096
"R77F09","X466L-2x402.xml",0.836007275456982,0.448827763144309,0.551172236855691,0.972508217040083,-0.0048856257196726,6.66208282162625e-06,119,721
"R77F09","Y55-1x1_inference.xml",0.542600655953585,0.200561303893008,0.799438696106992,-0.671517275376375,0.00127961045952429,-5.68768901064492e-07,90,1819
"R77F09","Y55-2x1_inference.xml",0.705392540733817,0.710884735982409,0.289115264017591,0.400980724320454,0.000351417157140068,-2.44446537824764e-07,84,1798
"R77F09","Y55-4x1_inference.xml",0.262856933679575,0.873699286047218,0.126300713952782,-0.276259476778555,0.000982141269545556,-6.72907929329287e-07,143,1814
"R77F09","Y55-5x1_inference.xml",0.707267331360879,0.56327146223058,0.43672853776942,0.317702614655616,-0.000656251934277209,3.61097152670016e-07,55,1817
"R81E02","A24-4x102_inference.xml",0.746987696480065,0.782367456805824,0.217632543194176,0.203066726629875,-0.000339553325942264,6.79905621309182e-09,220,1703
"R81E02","A24-5x102_inference.xml",0.0144391026366138,0.0313430547837025,0.968656945216297,0.664202329477583,-0.00330475327956322,2.30735847687635e-06,208,1661
"R81E02","A24-7x102_inference.xml",0.260940137348235,0.0603391045812018,0.939660895418798,-0.213994468858502,-0.000371367781362797,4.27537136922589e-07,130,1788
"R81E02","X468A-1x402_inference.xml",0.844110888237784,0.414207127847231,0.585792872152769,0.156238168198435,-0.00119509533304168,1.22544922250152e-06,88,1046
"R81E02","X468A-2x402_inference.xml",0.504922817706763,0.190629961740478,0.809370038259522,-0.524434164734418,0.00162682156358429,-1.05810814068287e-06,95,1272
"R81E02","X468A-5x402_inference.xml",0.0597585566481476,0.0629385524308969,0.937061447569103,0.385960807778312,-0.00271962334588756,2.6998306701909e-06,102,1260
"R81E02","X468AL-2x402_inference.xml",0.92848994233461,0.366264876420613,0.633735123579387,-0.363992742535347,0.000605408194828346,-3.12957060742073e-07,122,1410
"R81E02","Y71-1x1_inference.xml",0.383951135368016,0.465942202018662,0.534057797981338,0.79933689649476,-0.00197347127640837,1.0637916111136e-06,172,1802
"R81E02","Y71-2x1_inference.xml",0.893900357406694,0.46411318657826,0.53588681342174,0.165347027551798,-0.000665723348548384,3.71016512771699e-07,155,1806
"R81E02","Y71-4x1_inference.xml",0.469675895722054,0.315640721154575,0.684359278845425,-0.568321651608624,0.00110197009683258,-5.52627705942316e-07,114,1811
"R81E02","Y71-5x1_inference.xml",0.837838317074831,0.701520083043323,0.298479916956677,0.00193433400544258,0.000236695182238534,-1.98922135825331e-07,146,1814
"R81E02","Y71-6x1_inference.xml",0.597948318693951,0.771380364730435,0.228619635269565,-0.278507986290354,0.000701486685518991,-4.7993627131799e-07,155,1826
"R81G05","X469A-2x402_inference.xml",0.475933638691517,0.841121479130563,0.158878520869437,-0.196050184250111,0.00127916503953991,-9.55629404578997e-07,256,1666
"R81G05","X469A-3x402_inference.xml",0.893893764401789,0.4700300635064,0.5299699364936,-0.58909323660639,0.00120509548848504,-7.19028812979495e-07,262,1554
"R81G05","Y35-1x1_inference.xml",0.513919572702818,0.35944609000019,0.64055390999981,-0.533653373845259,0.00147544241993738,-7.70348855238554e-07,78,1829
"R81G05","Y35-2x1_inference.xml",0.00517709427466277,0.444447078391123,0.555552921608877,0.979645640623615,-0.00284683931335479,1.58158303660824e-06,94,1830
"R81G05","Y35-3x1_inference.xml",0.424648799817172,0.743143180791699,0.256856819208301,-0.448752849830918,0.00126434071583349,-7.73245345820914e-07,130,1804
"R81G05","Y35-4x1_inference.xml",0.129903216845009,0.0201512390337829,0.979848760966217,-0.241457847132438,0.000180060892813788,9.43469666912901e-08,94,1820
"R81G05","Y35-6x1_inference.xml",0.892613829787851,0.561970151224994,0.438029848775006,-0.196721300067044,0.000395435450864678,-2.38324416936302e-07,82,1833
"R82A03","A11-1x102_new_new_inference.xml",0.644845952643858,0.823818480132534,0.176181519867466,0.475139565887641,-0.000653800766993477,1.95935578932725e-07,182,1778
"R82A03","A11-2x102_new_new_inference.xml",0.480755765138195,0.165994542001335,0.834005457998665,-0.884365908846967,0.00146585455222875,-6.45723683319552e-07,171,1778
"R82A03","A11-3x102_new_inference.xml",0.556241712803006,0.170976532070151,0.829023467929849,-0.674071812612098,0.00149426679942726,-6.7066463557591e-07,90,1700
"R82A03","A237A-3x102_inference.xml",0.21537182893304,0.448977394833264,0.551022605166736,0.59788266474245,-0.00188359699095775,1.06007498103192e-06,131,1763
"R82A03","B560-2x2_inference.xml",0.0724055431112492,0.650446283346025,0.349553716653975,-0.333937387202919,0.00163915885838187,-9.40220296347054e-07,93,1842
"R82A03","B560-3x2_inference.xml",0.19983544272299,0.0972741723648102,0.90272582763519,-0.997361198969928,0.00194147002358221,-8.60363566199476e-07,84,1862
"R82A03","B711-2x2_inference.xml",0.311180234275041,0.335269919682765,0.664730080317235,-0.513209781981308,0.00139319939531675,-7.29594174126263e-07,43,1870
"R82A03","B711-3x2_inference.xml",0.8819382200214,0.343878433794428,0.656121566205572,0.0673341525392994,-0.000260975599959248,1.87112917624099e-07,120,1861
"R82A03","B711-4x2_inference.xml",0.369636187669317,0.910938729896189,0.089061270103811,0.135439427235479,0.000205402693404515,-2.84124227043866e-07,74,1888
"R82A03","X491-5x402_inference.xml",0.602822214790594,0.847235662474678,0.152764337525322,0.364801661487686,-0.00019775970478983,-5.52381761406193e-08,68,1820
"R82A03","X491L-2x402_inference.xml",0.134771735389526,0.978697634973536,0.0213023650264639,0.251342996855102,-0.000540756448045374,1.09549993401114e-07,56,1823
"R82A03","Y19-1x1_inference.xml",0.935604167769347,0.643987851765374,0.356012148234626,-0.1453566600765,-2.87998470183002e-05,-4.33783751519108e-08,71,1812
"R82A03","Y19-2x1_inference.xml",0.63792472068834,0.78353551277785,0.21646448722215,0.403387956428348,-0.00075332645843369,3.23265586955932e-07,99,1806
"R82A03","Y19-3x1_inference.xml",0.167597320342737,0.840858033780692,0.159141966219308,0.871295709898858,-0.00243214787220501,1.25144250992848e-06,124,1744
"R82A03","Y19-4x1_inference.xml",0.913693323786812,0.666096860248478,0.333903139751522,-0.0424971421094133,-2.52820564493352e-05,-4.2941869264109e-08,128,1838
"R82A03","Y19-5x1_inference.xml",0.869174111722522,0.639034270748144,0.360965729251856,-0.22723165325837,0.000572562813674825,-4.02712386395847e-07,110,1768
"R82A03","Y19-6x1_inference.xml",0.508539758166794,0.39060196186657,0.60939803813343,0.450354377689297,-0.00143425141821179,8.57811460321239e-07,130,1753
"R82A03","Y289C-7x1_inference.xml",0.329612945627209,0.156324606129861,0.843675393870139,-0.546022924755385,0.0013974950841807,-6.64346557301854e-07,59,1825
"R82A03","Z205-1x1_inference.xml",0.390621620906787,0.086597171043815,0.913402828956185,-0.332919091015981,0.000742158803413523,-2.16896671971497e-07,126,1796
"R82A03","Z205-3x1_inference.xml",0.638500176964666,0.796601210073131,0.203398789926869,0.480126708317834,-0.000736850840180935,3.12450226153143e-07,90,1787
"R82A03","Z205-7_1x1_inference.xml",0.47220726653615,0.692096833916657,0.307903166083343,-0.66349712258902,0.00204677248009817,-1.25123407412655e-06,124,1752
"R82A03","Z205-9x1_inference.xml",0.988964510825766,0.556838528411366,0.443161471588634,0.0082439025305011,-5.36426900268863e-05,1.93489336689596e-08,80,1799
"R82C05","A250-2x102_inference.xml",0.469804128628744,0.337120411338371,0.662879588661629,-0.411758615954616,0.00168141860595747,-1.06367668434122e-06,38,1766
"R82C05","A252-1x102_inference.xml",0.152940333237719,0.937410810650835,0.0625891893491647,0.803318372222144,-0.00173090958790854,7.64312437231736e-07,30,1760
"R82C05","A252-3x102_inference.xml",0.483216234113579,0.877592931720318,0.122407068279682,0.316222145528784,0.000218303626918855,-3.07784436218794e-07,134,1671
"R82C05","B571-3x2_inference.xml",0.542200439559232,0.145451347536382,0.854548652463618,-0.101642402750085,-0.000200433605184571,2.57939590373161e-07,94,1808
"R82C05","Y331AL-2x1_inference.xml",0.151212029758773,0.958414436971331,0.0415855630286691,0.843108287222011,-0.00171610925196932,6.81510453686181e-07,64,1789
"R82C05","Y331AL-6x1_inference.xml",0.91657135624674,0.334804416304103,0.665195583695897,-0.0457802010292058,7.9526038656952e-05,8.7124764856408e-09,141,1775
"R82C05","Z230-4x1_inference.xml",0.495345982017871,0.83727837682318,0.16272162317682,0.699027537219706,-0.00116762416039292,4.81450959481639e-07,140,1864
"R82C05","Z240A-2x1_inference.xml",0.587607326117239,0.230466230273732,0.769533769726268,-0.37271641082853,0.00131171107388836,-6.12338749974485e-07,106,1783
"R82C05","Z240A-6x1_NEW_inference.xml",0.0496242338473742,0.928034822146599,0.0719651778534012,-0.298611044086491,0.00175417266999881,-1.17838099076289e-06,139,1742
"R82C05","Z240A-7x1_inference.xml",0.84302019810721,0.325011100448041,0.674988899551959,0.021549556005936,-0.000446263848265638,3.21082077659159e-07,147,1750
"R82C05","Z82-1x1_NEW_inference.xml",0.662672884721001,0.794626925190163,0.205373074809837,-0.036647979497898,0.000360453030140028,-3.72589892327181e-07,50,1724
"R82C05","Z82-2x1_inference.xml",0.496856530112968,0.646114524218892,0.353885475781108,-0.534577364531117,0.0020751669744088,-1.2865795495786e-06,170,1646
"R83A02","A282-3x102_inference.xml",0.648755219544111,0.714422553360877,0.285577446639123,-0.117901269536612,0.00088359975585101,-6.11184624746369e-07,102,1738
"R83A02","A32-1x102_inference.xml",0.978268957101781,0.442695539020466,0.557304460979534,-0.0772519020909082,0.000213556351126751,-1.00160955909656e-07,122,1788
"R83A02","A32-4x102_inference.xml",0.328085400628135,0.670576665353574,0.329423334646426,-0.379539861452049,0.000970312058069163,-5.87504653236963e-07,112,1810
"R83A02","A32-5x102_inference.xml",0.601622334618622,0.212769981640511,0.787230018359489,-0.525622253524595,0.000996645724398341,-4.31703432154024e-07,136,1840
"R83A02","B753-2x2_inference.xml",0.380837047701773,0.121870868606363,0.878129131393637,-0.489438868329774,0.00095277480710321,-4.05204135463983e-07,56,1806
"R83A02","X470-2x402_inference.xml",0.858627014506912,0.577253058031792,0.422746941968208,0.568571013196188,-0.00127617249636902,6.66267642863039e-07,324,1612
"R83A02","Y42-1x1_inference.xml",0.733940674732174,0.460799004803984,0.539200995196016,0.370498950483285,-0.00129543928858699,7.42447453711735e-07,104,1796
"R83A02","Y42-2x1_inference.xml",0.899698574860754,0.405408207271906,0.594591792728094,0.215113217819004,-0.000425401252031601,2.60126217428686e-07,150,1798
"R83A02","Y42-3x1_inference.xml",0.950585423790047,0.627216034991004,0.372783965008996,0.0847154821055728,-7.51512234456359e-05,-3.03556827155032e-08,210,1810
"R83A02","Y42-5x1_inference.xml",0.130827238350711,0.138430048024893,0.861569951975107,-1.38434865933337,0.00288833176136489,-1.30094563105595e-06,200,1812
"R83A02","Y42-6x1_inference.xml",0.94492966017178,0.618969602981079,0.381030397018921,0.00927852454321682,0.000163613964728103,-1.35766985177715e-07,167,1780
"R83A02","Y42-7x1_inference.xml",0.918450255171026,0.469930424721232,0.530069575278768,-0.248568274474928,0.000657350538521162,-3.50559023024945e-07,91,1822
"R83A02","Z242-1x1_inference.xml",0.983793058350281,0.483607734016192,0.516392265983808,0.106695330054075,-0.000217701634983137,1.27540315129189e-07,137,1776
"R83A02","Z242-2x1_inference.xml",0.407226373985084,0.190223498400144,0.809776501599856,-0.522016166326874,0.00143533338472372,-6.79134511631473e-07,127,1766
"R83A02","Z242x1_inference.xml",0.93788856821592,0.365589075941649,0.634410924058351,-0.118672380985157,-6.73429740090344e-05,8.20709617095684e-08,118,1825
"R83B04","X471A-2x402_inference.xml",0.357857378684449,0.0724973448204028,0.927502655179597,-0.308913742979706,0.000358230340207119,1.50164371006509e-07,64,1329
"R83B04","Y68-1x1_inference.xml",0.573124729536914,0.425071105631255,0.574928894368745,-0.261105202098302,0.00101361371685768,-5.2350873250907e-07,152,1832
"R83B04","Y68-2x1_inference.xml",0.483203239316916,0.854715561927001,0.145284438072999,0.329733657960635,-0.000456706279834432,1.81184907016079e-07,128,1840
"R83B04","Y68-3x1_inference.xml",0.976402031679807,0.467374581623972,0.532625418376028,-0.0329550839263269,-0.000143172202933279,8.64513725872771e-08,82,1834
"R83B04","Y68-6x1_inference.xml",0.593183110046273,0.552565457291109,0.447434542708892,-0.602636279896631,0.00140811808455302,-7.71399294668366e-07,167,1809
"R84A12","A10-1x102_inference.xml",0.853581134671363,0.485779856250057,0.514220143749943,0.21171577460428,0.000582350538902977,-3.5097942948356e-07,68,1716
"R84A12","A10-4x102_inference.xml",0.680014819972595,0.402166170222509,0.597833829777491,0.840063593280948,-0.00233352239346662,1.80986686974312e-06,118,1618
"R84A12","A10-7x102_new_inference.xml",0.683493769447531,0.575617350850903,0.424382649149097,0.728496499269965,-0.00172993974182075,9.57892357442515e-07,118,1768
"R84A12","A230-4x102_inference.xml",0.241727581443294,0.656002035785619,0.343997964214381,0.83805776892024,-0.00229558854526612,1.16296754769679e-06,70,1803
"R84A12","A230-5x102_inference.xml",0.0163202604906607,0.997589862803437,0.00241013719656258,0.323795936885977,3.07797192724144e-05,-5.2067900447235e-07,104,1752
"R84A12","A233A-1x102_inference.xml",0.0298802698818961,0.636325082559062,0.363674917440938,-0.758621153597516,0.00245258212129052,-1.41468132432739e-06,120,1784
"R84A12","B575A-3x2_inference.xml",0.994943149124106,0.536157010604614,0.463842989395386,0.19486808338313,5.05087406957479e-05,-4.49297051525126e-08,140,1776
"R84A12","B575A-4x2_inference.xml",0.899481692166606,0.320548594988606,0.679451405011394,0.177802584710709,0.000159541595246733,-3.54971548600457e-08,102,1798
"R84A12","B575B-1x2_inference.xml",0.99123729283665,0.447774305672842,0.552225694327158,-0.0219085724939068,5.5110006953183e-05,-1.72297875765168e-08,80,1802
"R84A12","B575B-2x2_inference.xml",0.970041886735183,0.401602513785551,0.598397486214449,-0.135727778890828,0.000139417129036869,-3.4144870533182e-08,123,1768
"R84A12","B575B-4x2_inference.xml",0.889170174152148,0.674104921420118,0.325895078579882,0.234736833841412,-0.000355266849398628,1.31821150030005e-07,125,1813
"R84A12","X492-1x402_inference.xml",0.241260810938595,0.957401548912139,0.0425984510878606,0.458305147605791,-0.000431454507766789,1.82559552595079e-08,132,1766
"R84A12","X492-2x402_inference.xml",0.377061226566208,0.576564811610992,0.423435188389008,-0.449595808834096,0.00104218308348124,-6.19328818960665e-07,106,1713
"R84A12","X492-3x402_inference.xml",0.581708230457198,0.836042445720526,0.163957554279474,0.233720019772337,-0.000428011419158102,1.72458647547075e-07,94,1682
"R84A12","X572A-4x400_inference.xml",0.385349008215399,0.880551752468677,0.119448247531323,0.592548889604482,-0.00123333018966255,5.02685515849557e-07,48,1868
"R84A12","Y285A-4x1_inference.xml",0.302273830610081,0.220714345189713,0.779285654810287,0.224773216433071,-0.0013309213474419,8.93680638995626e-07,51,1842
"R84A12","Y87-1x1_inference.xml",0.972691285818563,0.527689550656315,0.472310449343685,0.112131815821833,0.000288537272050409,-1.686880283767e-07,102,1791
"R84A12","Y87-2x1_inference.xml",0.797412590529382,0.246643521985267,0.753356478014733,-0.05002050539052,0.000113775710926511,4.74885073045448e-08,70,1742
"R84A12","Y87-3x1_inference.xml",0.782538012772497,0.564286681453424,0.435713318546576,0.35285185833385,-0.000918047597095461,4.89061107012676e-07,75,1814
"R84A12","Y87-4x1_inference.xml",0.651299977812555,0.269593076871079,0.730406923128921,0.429065438275565,-0.000859294881792605,5.74024489929176e-07,140,1766
"R84A12","Y87-5x1_inference.xml",0.299904463438533,0.907634873097253,0.0923651269027475,0.151911427129095,0.000569165430048719,-4.75668498349049e-07,126,1780
"R84A12","Y87-6x1_inference.xml",0.288330198199468,0.682306743287247,0.317693256712753,-0.664319387143698,0.00249682545555836,-1.51902329548271e-06,148,1710
"R84A12","Y87-8x1_inference.xml",0.190186478358022,0.119652609936584,0.880347390063416,-0.909027021516594,0.00205451975155665,-9.8515005339279e-07,145,1714
"R84A12","Z200-6x1_inference.xml",0.928084306403538,0.505542219738118,0.494457780261882,0.200422570436275,-0.000417115570073906,2.31146557592669e-07,90,1820
"R84A12","Z202A-2x1_inference.xml",0.323752170828976,0.351607636845851,0.648392363154149,-0.579945119547049,0.0017885115887226,-9.4677944795601e-07,118,1809
"R84A12","Z202A-4x1_inference.xml",0.731815597223936,0.56188894518013,0.43811105481987,0.320762898706285,-0.00101813788014922,5.43862763908926e-07,102,1814
"R84A12","Z80-2x1_NEW_inference.xml",0.907637606643726,0.671772683449097,0.328227316550903,0.352032161129416,-0.000260336892402224,6.1382731397412e-08,130,1812
"R84A12","Z80-3x1_NEW_inference.xml",0.430461766922676,0.475321878994611,0.524678121005389,-0.856471707092385,0.00212772415552637,-1.17928836167145e-06,115,1686
"R87A03","X474-1x402_inference.xml",0.387408476376546,0.294256122997294,0.705743877002706,-1.14524209707644,0.00284702187161063,-1.56591523460393e-06,220,1623
"R87A03","X474-2x402_inference.xml",0.899698770480506,0.579699951008926,0.420300048991074,-0.342213796290283,0.000468427130323442,-3.0703229176742e-07,184,1654
"R87A03","X474-4x402_inference.xml",0.0494776701944037,0.470462263710746,0.529537736289254,1.07607370411781,-0.00347128311680949,2.07959401032722e-06,151,1698
"R87A03","Y45-2x1_inference.xml",0.949732077786551,0.532237524606481,0.467762475393519,0.127447585901117,-0.00037484226766901,1.95895687746513e-07,140,1795
"R87A03","Y45-3x1_inference.xml",0.0632679022216831,0.0396378892694147,0.960362110730585,0.0848829532067352,-0.00091986795284024,6.32670078473114e-07,170,1829
"R87A03","Y45-5x1_inference.xml",0.996692190795446,0.467458693171621,0.532541306828379,0.0218506516169613,-1.4068662311467e-06,1.10565134096827e-08,192,1762
"R88B08","X475A-1x402_inference.xml",0.0781406521122576,0.138682055552206,0.861317944447794,-0.994540949943889,0.0041430076894552,-3.30610643882193e-06,84,1114
"R88B08","X475A-5x402_inference.xml",0.847005045140302,0.452083902376533,0.547916097623467,0.319507776039289,-0.00170405716602181,1.61807979411006e-06,86,1168
"R88B08","Y39-1x1_inference.xml",0.188813183118376,0.821463523676047,0.178536476323953,1.20605101009581,-0.00258114030613828,1.24076080837807e-06,139,1790
"R88B08","Y39-3ax1_inference.xml",0.736509362030543,0.212372927967434,0.787627072032566,-0.140355139178345,0.000115277803742715,2.38449824935937e-08,68,1855
"R88B08","Y39-3bx1_inference.xml",0.686904748899215,0.314397985437017,0.685602014562983,-0.494235369324017,0.00115528410985072,-5.5178804886885e-07,74,1846
"R88B08","Y39-4x1_inference.xml",0.627413589496881,0.552601682288253,0.447398317711747,0.532490645305228,-0.00133450170382108,7.28323440441139e-07,84,1804
"R91F11","X494-1x402_inference.xml",0.885207869051384,0.403250033271473,0.596749966728527,-0.154622908848992,0.000487896153873536,-2.62819857438359e-07,96,1719
"R91F11","X494-2x402_inference.xml",0.302975454704563,0.71941472164585,0.28058527835415,-0.450781086442155,0.00181263645683088,-1.25859438960041e-06,130,1696
"R91F11","X494-4x402_inference.xml",0.36758609342521,0.90196672429648,0.0980332757035197,-0.00453522688597272,0.000564837557971691,-5.23263942195122e-07,221,1672
"R91F11","Y11-1x1_inference.xml",0.683040995821794,0.696638887741658,0.303361112258342,-0.23859654365418,0.000779592775337071,-4.9588482821724e-07,186,1728
"R91F11","Y11-2x1_inference.xml",0.912181748248546,0.498878120740159,0.501121879259841,-0.183300769094951,0.000451527807688926,-2.55945263423574e-07,141,1738
"R91F11","Y11-4x1_inference.xml",0.185211020620828,0.968532872915356,0.0314671270846445,0.244297059922933,-0.000187995717340279,-1.54842141128708e-07,235,1790
"R91F11","Y11-5x1_inference.xml",0.708973182335802,0.287804284198369,0.712195715801631,0.232396001561348,-0.000807011561250529,5.17170708255869e-07,184,1804
"R91G06","X479A-1x402_inference.xml",0.462318704800945,0.118019724081766,0.881980275918234,-1.03158178099396,0.0014655655056143,-5.63960412053862e-07,352,1604
"R91G06","Y44-1x1_inference.xml",0.691211497209543,0.438987072519989,0.561012927480011,-0.117775676701251,0.000804612875670209,-4.27573103415297e-07,130,1808
"R91G06","Y44-2x1_inference.xml",0.0633381849292527,0.913440467554698,0.0865595324453022,-0.513138085446767,0.00177214796273295,-1.13999529105137e-06,145,1812
"R91G06","Y44-3x1_inference.xml",0.0592023967407166,0.983844529567741,0.0161554704322592,0.927509193428411,-0.0016586747370779,6.29831072533171e-07,152,1806
"R91G06","Y44-5x1_inference.xml",0.675341377387212,0.348106742464488,0.651893257535512,-0.46604641227121,0.00105362215477103,-5.22176028569589e-07,135,1800
"R91G06","Y44-6x1_inference.xml",0.632371384450869,0.241226722627071,0.758773277372929,-0.251691531112737,0.000767402414297413,-3.38383632831005e-07,130,1822
"R91G06","Y44-7x1_inference.xml",0.423463571677832,0.178353868424135,0.821646131575865,-0.758506248563277,0.00170907923212146,-7.86893174977715e-07,110,1804
"R92A10","A28-1x102_inference.xml",0.397003910770031,0.386974314407748,0.613025685592252,-0.560835942023665,0.00160182400264243,-8.66707658832747e-07,116,1792
"R92A10","A28-4x102_inference.xml",0.37317123219598,0.461273434742773,0.538726565257227,0.580771579331116,-0.00176516085590107,9.48388138299363e-07,166,1830
"R92A10","A28-7x102_inference.xml",0.34832898478448,0.13171550070357,0.86828449929643,-0.380033270576454,0.000716175632555786,-3.29881432044799e-07,143,1720
"R92A10","X480A-4x402_inference.xml",0.617403255232235,0.160935211486715,0.839064788513285,-0.393265929605684,0.00060954537710547,-1.66823853583077e-07,216,1610
"R92A10","X480AL-1x402_inference.xml",0.563556362044748,0.423781934644193,0.576218065355807,0.849908574894029,-0.00240216795230705,1.5246908922084e-06,221,1554
"R92A10","Y269-2x2.xml",0.879700504876928,0.59430964633217,0.40569035366783,0.36616756609238,-0.000709932977030588,3.31528393949243e-07,72,1844
"R92A10","Y269-4x2_inference.xml",0.0779582808694316,0.013224198240301,0.986775801759699,-0.58551779238065,0.00110943142699444,-3.39096326130485e-07,84,1788
"R92A10","Y276-3x1_inference.xml",0.130725182725816,0.867719957629925,0.132280042370075,0.968505909290494,-0.00237611236175815,1.16186449456037e-06,64,1828
"R92A10","Y36-1x1_inference.xml",0.853585708472396,0.613297735951162,0.386702264048838,-0.0593195747798282,0.000510702785965557,-3.26260587511916e-07,66,1845
"R92A10","Y36-2x1_inference.xml",0.685861397618444,0.448926986071583,0.551073013928417,0.357792505820308,-0.00120999094571188,7.05108195331521e-07,131,1732
"R92A10","Y36-3x1_inference.xml",0.810675912464561,0.584714485838274,0.415285514161726,0.517856018763819,-0.00160081682624892,8.46640890521458e-07,243,1636
"R92A10","Y36-4x1_inference.xml",0.132660175082835,0.962980425415141,0.0370195745848588,1.09667925852303,-0.001807155342641,7.5492643996088e-07,207,1684
"R92F08","A29-2x102_inference.xml",0.134085136734621,0.0212912278629353,0.978708772137065,-0.436196552716335,0.000233832595905858,1.81254536637959e-07,120,1682
"R92F08","A29-3x102_inference.xml",0.632063955861736,0.701244599518957,0.298755400481043,0.349972928773939,-0.000774240441902424,3.83223091739059e-07,100,1809
"R92F08","A29-5x102_inference.xml",0.884802863404919,0.311847729281361,0.688152270718639,0.00834531965249081,0.000284373634592259,-8.73939982767812e-08,116,1782
"R92F08","X481A-2x402_inference.xml",0.646918276810886,0.569619818599117,0.430380181400883,-0.603031598048116,0.00167107564698122,-1.2541640903744e-06,95,1496
"R92F08","X481A-3x402_inference.xml",0.644384167687971,0.506843926592939,0.493156073407061,-0.427652254493112,0.00137008921853187,-8.53406012101458e-07,90,1642
"R92F08","Y14-1x1_inference.xml",0.0881997775944591,0.243122330134661,0.756877669865339,-1.37855155899332,0.00320078731230714,-1.67507163242482e-06,168,1732
"R92F08","Y14-2x1_inference.xml",0.402035970437934,0.140762154065669,0.859237845934332,-0.917982342739359,0.0018394762801867,-8.59315976343464e-07,224,1634
"R92F08","Y14-5x1_inference.xml",0.373846116816268,0.251459932269461,0.748540067730539,-1.42974284016426,0.00293276524218856,-1.4560623865906e-06,413,1531
"R92F08","Y14-6x1_inference.xml",0.0683483081569179,0.773547644126397,0.226452355873603,1.40496863293461,-0.00344666114577089,1.76499235741482e-06,300,1624
"R95D10","A40-1x102_inference.xml",0.739427539829809,0.609743916668121,0.390256083331879,-0.182272368069774,0.000900537000305437,-5.51450364037003e-07,115,1814
"R95D10","A40-3x102_inference.xml",0.0885679533045872,0.0996875740650756,0.900312425934924,-0.799211914414943,0.00188919887997807,-9.25699739087819e-07,100,1760
"R95D10","A40-6x102_inference.xml",0.396777332491848,0.658226413299748,0.341773586700252,-0.431299609495855,0.00162361523964961,-9.75479994420284e-07,142,1768
"R95D10","B590-2x2_inference.xml",0.145846674804801,0.672907978062879,0.327092021937121,-0.586526027171163,0.00234795110238315,-1.40131596151136e-06,108,1782
"R95D10","X3-6_tillerx402_inference.xml",0.467261254756501,0.131246364198171,0.868753635801829,-0.19456554021059,-0.000385748087887737,3.80673274656145e-07,146,1706
"R95D10","X3-6x402_inference.xml",0.388521427318391,0.0845179547189104,0.91548204528109,-0.242803686000957,-5.06899778586267e-05,3.03839438608602e-07,232,1610
"R95D10","X4-1x402_inference.xml",0.317088010471823,0.715175874605239,0.284824125394761,1.21595225663206,-0.00324720385921019,1.81670143650862e-06,248,1524
"R95D10","X4-4x400L_inference.xml",0.209175790092188,0.963863727391407,0.0361362726085927,0.584678260949959,-0.000925497214731616,9.98936777383046e-08,273,1639
"R95D10","X4-6x402_inference.xml",0.0551100610001661,0.930986794637272,0.0690132053627281,1.40085198160603,-0.00338218825106421,1.61784633749448e-06,129,1813
"R95D10","Y232-1x1_inference.xml",0.556994760112013,0.499265437486487,0.500734562513513,0.371130416329183,-0.00137003455043717,7.61366336802887e-07,61,1850
"R95D10","Y232-2x1_inference.xml",0.768373930924685,0.722291646220115,0.277708353779885,0.222042122413937,-0.000635062980890493,2.62910039419461e-07,46,1836
"R95D10","Y232-3x1_inference.xml",0.265223739057293,0.0496667769106268,0.950333223089373,-0.384866374327947,0.000196003528309325,1.45654897202591e-07,92,1820
"R95D10","Y232-4x1_inference.xml",0.478722403417352,0.122009431798409,0.877990568201591,-0.111416020590475,-0.000281495762731361,3.67635318107722e-07,120,1823
"R95D10","Y232-5x1_inference.xml",0.103314680752468,0.977124959420128,0.0228750405798716,0.102329734676593,0.000381869344794027,-5.11255296820909e-07,76,1778
"R95D10","Y232-6x1_inference.xml",0.25504881191755,0.223585125711668,0.776414874288332,-1.28478652211596,0.00281472608880674,-1.3702851171689e-06,242,1730
"R96B12","A277-2x102_inference.xml",0.273164026923432,0.948139560171245,0.0518604398287551,0.489354419882964,-0.000582414148477974,1.2941681486898e-07,44,1762
"R96B12","A277-3x102_inference.xml",0.308519582733775,0.880689490890272,0.119310509109728,0.636064619981112,-0.00112957228239995,5.28767685440351e-07,37,1740
"R96B12","A33-2x102_inference.xml",0.334547687696744,0.928242957723585,0.0717570422764147,0.217431519841708,4.4242326100867e-05,-2.02327745053141e-07,64,1824
"R96B12","A33-5x102_inference.xml",0.288327718596841,0.0789457154029316,0.921054284597068,-0.675333257723094,0.0015178100311211,-6.0607634749678e-07,137,1777
"R96B12","A33-6x102_inference.xml",0.967623214736046,0.598101151175024,0.401898848824976,0.0497270131661707,-0.000172333464252993,5.99582888132733e-08,137,1774
"R96B12","Z249A-1x1_inference.xml",0.227295449536184,0.517527156777285,0.482472843222715,0.717158767339312,-0.00196421828614236,1.11823309780288e-06,130,1704
"R96B12","Z251-1x1_inference.xml",0.481475516194337,0.878961855773474,0.121038144226526,0.344571485522659,0.000137387255985973,-2.2884851640431e-07,92,1755
"R96B12","Z252-1x1_inference.xml",0.393957533779216,0.917910949668713,0.0820890503312874,0.591738066611079,-0.00042439495358048,-1.85894982828636e-08,115,1778
"R96B12","Z255-1x1.xml",0.367539699541234,0.0954064062720674,0.904593593727933,-1.91829465007576,0.00359639311019047,-1.51700342170414e-06,278,1546
"R96B12","Z257-1x1_inference.xml",0.218143064471711,0.0425876748367346,0.957412325163265,-0.43416255603155,0.00084073735874111,-2.49345242813053e-07,102,1781
"R96B12","Z257-2x1_inference.xml",0.551582511104926,0.138727141060752,0.861272858939248,-0.215404384659642,-1.93660568314185e-05,1.24123763699413e-07,112,1827
"R96B12","Z258-1x1_inference.xml",0.992778437984928,0.451249847589708,0.548750152410292,0.0338476294401543,4.69100102455858e-05,-8.62149909241458e-09,79,1778
"R96C12","A30-1x102_inference.xml",0.608351239367279,0.745145330899516,0.254854669100484,0.263159571543213,-0.00084206939997748,3.9315404748757e-07,76,1842
"R96C12","A30-4x102_inference.xml",0.142116249936452,0.815610908519241,0.184389091480759,-0.695642502169335,0.0019727344740541,-1.19882205233805e-06,158,1802
"R96C12","A30-5x102_inference.xml",0.17670635697544,0.958221683423384,0.041778316576616,0.404282261717718,-0.000761622265157823,2.89340877483159e-07,112,1758
"R96C12","B567-3x2_inference.xml",0.535207424695269,0.818394114320751,0.181605885679249,-0.0190419858192165,0.000798463928692168,-6.02090220333961e-07,146,1777
"R96C12","B755-7x2_inference.xml",0.858822931008532,0.627488892124659,0.372511107875341,-0.0424719696326755,-0.000437149229558748,2.15299009079132e-07,83,1808
"R96C12","Y223-1x1.xml",0.550023221207691,0.791765970201221,0.208234029798779,0.39317944531048,-0.000887707095814178,3.89305903002656e-07,41,1842
"R96C12","Y223-2x1.xml",0.320862072188758,0.523486059226705,0.476513940773295,1.58972553384269,-0.0033908477255996,1.63071866353818e-06,88,1877
"R96C12","Y223-3x1_inference.xml",0.585136224560446,0.236848646648672,0.763151353351328,0.314155081778358,-0.000568796223583953,4.0400022992408e-07,38,1830
"R96C12","Y223-4x1_inference.xml",0.154483950472176,0.50617380053704,0.49382619946296,1.01546493207736,-0.00242016002239165,1.283442522115e-06,50,1867
"R96C12","Y223-5x1_inference.xml",0.333357578923589,0.380486686052426,0.619513313947574,0.625936283393051,-0.002137086456872,1.28453635818101e-06,64,1806
"R96C12","Z233A-3x1_NEW_inference.xml",0.342721566620805,0.811124797779235,0.188875202220765,-0.806322884363364,0.00215880778391491,-1.37434683398651e-06,219,1697
"R96C12","Z234A-1x1_NEW_inference.xml",0.810241301440219,0.291088630183385,0.708911369816615,0.147273669714232,-0.000434451807103936,3.07039511580921e-07,287,1684
"R96C12","Z81-1x1_inference.xml",0.0557191515330149,0.329893025332386,0.670106974667614,-3.22455265638994,0.00721353911412007,-3.63970865859355e-06,402,1600
"R96C12","Z81-2x1_inference.xml",0.210193485678792,0.954783621843491,0.0452163781565094,1.53308200262982,-0.00284518515299022,1.05481462812474e-06,298,1580
"R96C12","Z81-3x1_inference.xml",0.7278831916246,0.230317976597866,0.769682023402134,-0.438339299202817,0.000871853542433771,-3.29305684174077e-07,322,1704
"R96C12","Z81-4x1_inference.xml",0.684943495944088,0.810014021684852,0.189985978315148,0.215036052423714,-7.82783596095805e-06,-1.3783577004365e-07,287,1689
"R96C12","Z81-6x1_NEW_inference.xml",0.264505215707815,0.303501930176619,0.696498069823381,0.878830013894626,-0.00232616992464735,1.36937195291392e-06,216,1716
"R99B02","X485-3x402_inference.xml",0.927754280648457,0.567146184198467,0.432853815801533,0.398388503372141,-0.000947002629586529,4.70042439676411e-07,283,1703
"R99B02","X485-5x402_inference.xml",0.971754202195827,0.581560481408054,0.418439518591946,-0.177129060162726,0.000552818621396077,-3.7129823958032e-07,436,1534
"R99B02","X485L-3x402_inference.xml",0.317331650489313,0.132897467701232,0.867102532298768,-1.96957170786423,0.00420537650482094,-2.11154103439195e-06,382,1452
"R99B02","Y58-1x1_inference.xml",0.697799870019615,0.755016582947299,0.244983417052701,0.401697792802308,-0.000820923622339971,3.53323336726558e-07,142,1798
"R99B02","Y58-2x1_inference.xml",0.280807023711467,0.355710799856215,0.644289200143785,-0.821163641486679,0.00268952027351799,-1.49959922498763e-06,122,1708
"R99B02","Y58-3x1_inference.xml",0.896395310607617,0.551463476665238,0.448536523334762,-0.0818791174638874,0.000397785310694252,-2.38116656854635e-07,74,1812
"R99B02","Y58-4x1_inference.xml",0.299750471143585,0.272820564571333,0.727179435428667,0.345618242201076,-0.00131675717889954,8.48414401502627e-07,46,1800
