"Allele","Ear","Quad_pval","Lin_inc_pval","Lin_dec_pval","Category"
"R01G01","X415-1x402_inference.xml",0.269110847090965,0.133323088268758,0.866676911731242,""
"R01G01","X415-3x402_inference.xml",0.748005155160166,0.592530636696946,0.407469363303054,""
"R01G01","X415L-1x402_inference.xml",0.351713001669885,0.686330411103083,0.313669588896917,""
"R01G01","Y26-1x1_inference.xml",0.588227925888407,0.846566563004728,0.153433436995272,""
"R01G01","Y26-2x1_inference.xml",0.60452855327457,0.300859504419344,0.699140495580656,""
"R01G01","Y26-3x1_inference.xml",0.701007912719487,0.248998362503428,0.751001637496572,""
"R01G01","Y26-4x1_inference.xml",0.572098064652468,0.858887840319582,0.141112159680418,""
"R01G01","Y26-5x1_inference.xml",0.657713775555368,0.787340001655839,0.212659998344161,""
"R02D02","X417-2x402_inference.xml",0.378693828149387,0.0776591907677641,0.922340809232236,""
"R02D02","X417-3x402_inference.xml",0.818599737008893,0.259236162981432,0.740763837018568,""
"R02D02","X417L-1x402_inference.xml",0.343142374521722,0.255707566107256,0.744292433892744,""
"R02D02","Y18-1x1_inference.xml",0.661668669003431,0.56769817430985,0.43230182569015,""
"R02D02","Y18-2x1_inference.xml",0.0639544383081371,0.562872058951054,0.437127941048946,""
"R02D02","Y18-3x1_inference.xml",0.113684164668589,0.548744747271146,0.451255252728854,""
"R02D02","Y18-4x1_inference.xml",0.705747711559615,0.797528591014696,0.202471408985304,""
"R02D02","Y18-5x1_inference.xml",0.694794894828992,0.679093204106717,0.320906795893283,""
"R04A02","A14-1x102_inference.xml",0.0520816126243853,0.00817645194301884,0.991823548056981,"IncLin"
"R04A02","A14-3x102_inference.xml",0.867539097328462,0.410584939934432,0.589415060065568,""
"R04A02","A14-4x102_inference.xml",0.251024308511707,0.955305930763115,0.0446940692368848,"DecLin"
"R04A02","A14-5x102_inference.xml",0.377654130858695,0.710139038820448,0.289860961179552,""
"R04A02","X418-1x402_inference.xml",0.62548660670757,0.815887510323176,0.184112489676824,""
"R04A02","X418-2x402_inference.xml",0.0493818822070574,0.990309977066867,0.00969002293313277,"DecLin"
"R04A02","X418-3x402_inference.xml",0.665810443129684,0.201419888383207,0.798580111616793,""
"R04A02","Y23-1x1_inference.xml",0.614241796994974,0.485970308868018,0.514029691131982,""
"R04A02","Y23-2x1_inference.xml",0.902121258255876,0.417984619322168,0.582015380677832,""
"R04A02","Y23-3x1_inference.xml",0.831613776917957,0.637686647576926,0.362313352423074,""
"R04G10","B775B-2x2_inference.xml",0.100950365998021,0.0156171521538,0.9843828478462,"IncLin"
"R04G10","X486-1x402_inference.xml",0.509012161905185,0.131990174311959,0.868009825688041,""
"R04G10","X486-2x402_inference.xml",0.631759818670797,0.188998001973658,0.811001998026342,""
"R04G10","X486-3x402_inference.xml",0.871321931890714,0.441775540079233,0.558224459920767,""
"R04G10","Y38-1x1_inference.xml",0.863522606992937,0.708973824604336,0.291026175395664,""
"R04G10","Y38-2x1_inference.xml",0.134511016165068,0.0410035438235308,0.958996456176469,"IncLin"
"R04G10","Y38-3x1_inference.xml",0.0442643688717262,0.00666981286712375,0.993330187132876,"IncLin"
"R04G10","Y38-5x1_inference.xml",0.839682384870721,0.431951165651758,0.568048834348242,""
"R06C04","A280-2x102_inference.xml",0.273803278187994,0.12451648269267,0.87548351730733,""
"R06C04","B751-3x2_inference.xml",0.30548458144002,0.0635758934632101,0.93642410653679,""
"R06C04","Y15-1x1_inference.xml",0.779176133652197,0.608337452786466,0.391662547213534,""
"R06C04","Y15-2x1_inference.xml",0.024055424528211,0.00321719446438958,0.99678280553561,"IncLin"
"R06C04","Y15-4x1_inference.xml",0.00943909194412958,0.00100361431769377,0.998996385682306,"IncLin"
"R06C04","Y15-5x1_inference.xml",0.581976543908205,0.144750577460592,0.855249422539408,""
"R06C04","Y231-1x1_inference.xml",0.883158811033072,0.395599328920356,0.604400671079644,""
"R06C04","Y231-2x1_inference.xml",0.00725217500069392,0.00963022979848091,0.990369770201519,"IncLin"
"R06C04","Y231-4x1_inference.xml",0.892497996865698,0.328443092163622,0.671556907836378,""
"R06C04","Y231-5x1_inference.xml",0.170582445815821,0.898603410676016,0.101396589323984,""
"R08A07","X420-3x402_inference.xml",0.755943696652692,0.579423476265582,0.420576523734418,""
"R08A07","X420-4x402_inference.xml",0.275305619761167,0.360662220821481,0.639337779178519,""
"R08A07","Y70-1x1_inference.xml",0.290126500995902,0.0540669121937354,0.945933087806265,""
"R08A07","Y70-2x1_inference.xml",0.950660064123024,0.525279273242397,0.474720726757603,""
"R08A07","Y70-3x1_inference.xml",0.118747201993438,0.882258472262849,0.117741527737151,""
"R101B03","X421-1x402_inference.xml",0.50741430770465,0.87578051531428,0.12421948468572,""
"R101B03","X421-4x402_inference.xml",0.401415473884835,0.784226604026003,0.215773395973997,""
"R101B03","X421-5x402_inference.xml",0.588293563802379,0.228256305319678,0.771743694680322,""
"R101B03","Y34-1x1_inference.xml",0.252819162198218,0.764621695553515,0.235378304446485,""
"R101B03","Y34-2x1_inference.xml",0.211056264699663,0.429218269306724,0.570781730693276,""
"R101B03","Y34-3x1_inference.xml",0.542658743474408,0.773775537075618,0.226224462924382,""
"R101B03","Y34-5x1_inference.xml",0.950921943872388,0.544316486319778,0.455683513680222,""
"R101B03","Y34-6x1_inference.xml",0.763906969170103,0.347472897430291,0.652527102569709,""
"R102H01","A15-2x102_inference.xml",0.316980703661301,0.722430550962095,0.277569449037905,""
"R102H01","A15-3x102_inference.xml",0.320318758910673,0.782639772756714,0.217360227243286,""
"R102H01","A15-4x102_inference.xml",0.203996596094693,0.285497077000663,0.714502922999337,""
"R102H01","B562-1x2_inference.xml",0.828958763201922,0.495715015015982,0.504284984984018,""
"R102H01","B562-2x2_inference.xml",0.0813340610509724,0.0241753300247182,0.975824669975282,"IncLin"
"R102H01","B562-4x2_inference.xml",0.146563789776772,0.940378241886745,0.0596217581132547,""
"R102H01","B756-2x2_inference.xml",0.783102005955121,0.708518772554013,0.291481227445987,""
"R102H01","X422-1x402_inference.xml",0.951149022334394,0.451076015972526,0.548923984027474,""
"R102H01","X422-2x402_inference.xml",0.473785948372544,0.450298737475015,0.549701262524985,""
"R102H01","X422-4x402_inference.xml",0.939129214523634,0.641414402664135,0.358585597335865,""
"R102H01","Y24-1x1.xml",0.642907255918583,0.281961030011788,0.718038969988212,""
"R102H01","Y24-2x1_inference.xml",0.85277236530033,0.712735611745726,0.287264388254274,""
"R102H01","Y24-3x1_inference.xml",0.685189940519517,0.673142726432004,0.326857273567996,""
"R102H01","Y24-4x1_inference.xml",0.635392436577594,0.409434216394908,0.590565783605092,""
"R102H01","Y24-5x1_inference.xml",0.805566899736976,0.590755244297264,0.409244755702736,""
"R102H01","Y270-3x1_inference.xml",0.197379871607449,0.0327099852001494,0.967290014799851,"IncLin"
"R102H01","Z88-1x1_inference.xml",0.181445955951963,0.615221018019687,0.384778981980313,""
"R102H01","Z88-3x1_inference.xml",0.390758653666854,0.460861488544353,0.539138511455647,""
"R102H01","Z88-4x1_inference.xml",0.0181830826480346,0.889998255964749,0.110001744035251,"TrueQuad"
"R103E04","A16-1x102_inference.xml",0.102254768538213,0.963171730894078,0.0368282691059224,"DecLin"
"R103E04","A16-2x102_inference.xml",0.728213116158183,0.404248602582492,0.595751397417508,""
"R103E04","A16-4x102_inference.xml",0.777472561689083,0.339954867528668,0.660045132471332,""
"R103E04","X423-2x402_inference.xml",0.148562775262189,0.0461272038523983,0.953872796147602,"IncLin"
"R103E04","Y86-1x1_inference.xml",0.908377576459627,0.609814140379286,0.390185859620714,""
"R103E04","Y86-2x1.xml",0.606084646280783,0.314876420640901,0.685123579359099,""
"R103E04","Y86-3x1_rescan_inference.xml",0.750056125572319,0.649850525942907,0.350149474057093,""
"R103E04","Y86-4x1.xml",0.00196188389133374,0.000385072054249737,0.99961492794575,"IncLin"
"R103E04","Y86-5x1_inference.xml",0.801029123749482,0.396349315017922,0.603650684982078,""
"R103E04","Y86G-1x1.xml",0.412882375980765,0.653891928044088,0.346108071955912,""
"R103E04","Y86G-2x1.xml",0.435604874916251,0.755909413848313,0.244090586151687,""
"R106E07","Y89-11x1_inference.xml",0.018713556572196,0.98137778425084,0.0186222157491599,"DecLin"
"R106E07","Y89-2x1_inference.xml",0.0224116400496143,0.33881535475603,0.66118464524397,"TrueQuad"
"R106E07","Y89-3x1_inference.xml",0.856633353835377,0.714173387286206,0.285826612713794,""
"R106E07","Y89-4x1_inference.xml",0.36597982484059,0.499980527228559,0.500019472771442,""
"R106E07","Y89-6x1_inference.xml",0.069899804481788,0.734864848613904,0.265135151386096,""
"R106E07","Y89-7x1_inference.xml",0.0928437742244811,0.327147665734676,0.672852334265324,""
"R106E07","Y89-8x1_inference.xml",0.333154960932832,0.30232942118996,0.69767057881004,""
"R106F04","X426-1x402_inference.xml",0.65471597186268,0.570390838408912,0.429609161591088,""
"R106F04","X426L-2x402_inference.xml",0.339605282151962,0.112612831737365,0.887387168262635,""
"R106F04","Y37-1x1.xml",0.391890846646373,0.914744922679088,0.0852550773209125,""
"R106F04","Y37-3x1_inference.xml",0.778809385116064,0.581380015625199,0.418619984374801,""
"R106F04","Y37-4x1_inference.xml",0.288306630129674,0.663169597471621,0.336830402528379,""
"R106F04","Y37-5x1.xml",0.0922842305941728,0.898008360764331,0.101991639235669,""
"R106F04","Y37-6x1_inference.xml",0.604404920407104,0.281885319018411,0.718114680981589,""
"R106G12","X427-2x402_inference.xml",0.996318398479611,0.490510474040863,0.509489525959137,""
"R106G12","X427-3x402_inference.xml",0.320073289624263,0.831482290389849,0.168517709610151,""
"R106G12","X427L-1x402_inference.xml",0.00995292306011102,0.278705507829117,0.721294492170883,"TrueQuad"
"R106G12","Y50G-1x1_inference.xml",0.265542378159194,0.325072824625115,0.674927175374884,""
"R106G12","Y50G-2x1_inference.xml",0.193006910716008,0.179067789177506,0.820932210822494,""
"R106G12","Y50G-3x1_inference.xml",0.939524295104242,0.499767671182756,0.500232328817244,""
"R106G12","Y50G-4x1_inference.xml",0.698182364643703,0.195732216784799,0.804267783215201,""
"R106G12","Y50G-5x1_inference.xml",0.457305553992872,0.849342542168009,0.150657457831991,""
"R106G12","Y50G-6x1_inference.xml",0.351167140671997,0.123044070356822,0.876955929643177,""
"R106G12","Y50G-7x1_inference.xml",0.255337378891039,0.895399132298254,0.104600867701747,""
"R107C12","B540-1x2_inference.xml",0.0194144584973837,0.99577733740225,0.0042226625977495,"DecLin"
"R107C12","B540-2x2_inference.xml",0.626831613128036,0.337904235267837,0.662095764732163,""
"R107C12","B540-3x2_inference.xml",0.721847189129546,0.213341107208826,0.786658892791174,""
"R107C12","X498-2x402_inference.xml",0.19264653166579,0.394799373448052,0.605200626551948,""
"R107C12","X498-3x402_inference.xml",0.479158202410879,0.384868699274127,0.615131300725873,""
"R107C12","X498-4x402_inference.xml",0.697880944835173,0.583714213377931,0.416285786622069,""
"R107C12","X498-5x402_inference.xml",0.00163009497851914,0.00102546439573446,0.998974535604266,"IncLin"
"R107C12","X498L-2x403_inference.xml",0.123784043844795,0.677656977750498,0.322343022249502,""
"R107C12","Y88-1x1_inference.xml",0.166261534716474,0.842252856906632,0.157747143093368,""
"R107C12","Y88-3x1_inference.xml",0.939965300488764,0.639670245430902,0.360329754569098,""
"R107C12","Y88-4x1_inference.xml",0.656978389248235,0.547766675126359,0.452233324873641,""
"R12H07","X429-1x402_inference.xml",0.955253908939441,0.378796512465988,0.621203487534012,""
"R12H07","X429-2x402_inference.xml",0.746487218556804,0.281507515139783,0.718492484860217,""
"R12H07","X429L-1x402_inference.xml",0.431179284585637,0.509033549973242,0.490966450026758,""
"R12H07","Y59-2x1_inference.xml",0.728150923653829,0.791755809153765,0.208244190846235,""
"R12H07","Y59-4x1_inference.xml",0.065400667777463,0.0292806809792712,0.970719319020729,"IncLin"
"R23D05","X432-1x402_inference.xml",0.302882685827267,0.365217612834378,0.634782387165622,""
"R23D05","X432-2x402_inference.xml",0.0771980451023263,0.290276711048289,0.709723288951711,""
"R23D05","X432-5x402_inference.xml",0.200119567500441,0.0809792380309474,0.919020761969053,""
"R23D05","X432L-3x402_inference.xml",0.447656703237257,0.104988800259324,0.895011199740676,""
"R23D05","Y20-2x1_inference.xml",0.293643991129636,0.724419226971799,0.275580773028201,""
"R23D05","Y20-3x1_inference.xml",0.356362050951572,0.739446305072811,0.260553694927189,""
"R23D05","Y20-4x1_inference.xml",0.823108589975611,0.68124220437624,0.31875779562376,""
"R23D05","Y20-5x1_inference.xml",0.958457762292217,0.404908906453183,0.595091093546817,""
"R24D03","B777A-2x2_inference.xml",0.757434953151983,0.223493479221895,0.776506520778105,""
"R24D03","B777B-3x2.xml",0.923858842850871,0.406454340781697,0.593545659218303,""
"R24D03","X433-2x402_inference.xml",0.596310604146673,0.270703722108268,0.729296277891732,""
"R24D03","X433-3x402_inference.xml",0.561789596604188,0.46812475982669,0.53187524017331,""
"R24D03","X433-5x402_inference.xml",0.84906035257669,0.708058123219978,0.291941876780022,""
"R24D03","Y49-_5x1_inference.xml",0.119890059098581,0.653846561077289,0.346153438922711,""
"R24D03","Y49-1x1_inference.xml",0.473639273656963,0.831623241461594,0.168376758538406,""
"R24D03","Y49-3x1_inference.xml",0.781986865458493,0.266599769217223,0.733400230782777,""
"R24D03","Y49-4x1_inference.xml",0.0585763764475648,0.0114409688080118,0.988559031191988,"IncLin"
"R24D03","Y49G-1x1_inference.xml",0.601450803899666,0.265968164225069,0.734031835774931,""
"R24D03","Y49G-2x1_inference.xml",0.953892802836761,0.531076431789618,0.468923568210382,""
"R26G07","X434-1x402.xml",0.268157073139457,0.0674326849370102,0.93256731506299,""
"R26G07","X434-3x402_inference.xml",0.760542010650537,0.772509727762318,0.227490272237682,""
"R26G07","X434L-1x402_inference.xml",0.405904767011611,0.0930925022698504,0.90690749773015,""
"R26G07","Y66-10x1_inference.xml",0.428461521685767,0.897751065012307,0.102248934987693,""
"R26G07","Y66-2x1_inference.xml",0.68154819728018,0.212308777033748,0.787691222966252,""
"R26G07","Y66-3x1_inference.xml",0.716560572175743,0.566846315023851,0.433153684976149,""
"R26G07","Y66-6x1_inference.xml",0.200118823101735,0.360268496468454,0.639731503531546,""
"R26G07","Y66-7x1_inference.xml",0.919294318468552,0.479066964292285,0.520933035707715,""
"R26G07","Y66-9x1_inference.xml",0.598986733569825,0.5415595100872,0.4584404899128,""
"R26G07","Y67-1x1_inference.xml",0.495723598051616,0.709135677575272,0.290864322424728,""
"R26G07","Y67G-1x1_inference.xml",0.134664072711176,0.862469736927695,0.137530263072305,""
"R26G07","Y67G-2x1_inference.xml",0.607867919151081,0.547193250323538,0.452806749676462,""
"R27E01","X435-1x402_inference.xml",0.522652015510492,0.122481067287063,0.877518932712937,""
"R27E01","X435-5x402_inference.xml",0.101596653697481,0.0595552350880017,0.940444764911998,""
"R27E01","X435L-2x402_inference.xml",0.868867749489795,0.689393516397338,0.310606483602662,""
"R27E01","Y32-1x1_inference.xml",0.455657961972777,0.10698965755919,0.89301034244081,""
"R27E01","Y32-2x1_inference.xml",0.420538698225764,0.90720829930327,0.0927917006967303,""
"R27E01","Y32-3x1_inference.xml",0.857528220672025,0.303160720842489,0.696839279157511,""
"R27E01","Y32-5x1_inference.xml",0.0215653622963266,0.992015864767728,0.00798413523227162,"DecLin"
"R27E01","Y32-6x1_inference.xml",0.913969637600885,0.63833569639041,0.36166430360959,""
"R27E01","Y33-1x1_inference.xml",0.543880877234817,0.617212567657406,0.382787432342594,""
"R31B01","X437-1x402_inference.xml",0.965260228488993,0.555595046857423,0.444404953142577,""
"R31B01","X437-2x402_inference.xml",0.972903634464698,0.48885492651612,0.51114507348388,""
"R31B01","X437-3x402_inference.xml",0.941476188710456,0.381820492578598,0.618179507421402,""
"R31B01","Y40-1x1_inference.xml",0.883176738185745,0.308837947643517,0.691162052356483,""
"R31B01","Y40-2x1_inference.xml",0.0450038223634815,0.00587317020263802,0.994126829797362,"IncLin"
"R31B01","Y40-3x1_inference.xml",0.109247441607486,0.219829851119029,0.780170148880971,""
"R31B01","Y40-5x1_inference.xml",0.604330034011934,0.784612022177707,0.215387977822293,""
"R31H05","X439-1x402_inference.xml",0.0742903318356577,0.12486145835683,0.87513854164317,""
"R31H05","X439-3x402_inference.xml",0.58748645155584,0.341078560505373,0.658921439494627,""
"R31H05","Y62-1x1_inference.xml",0.97609369272876,0.588067605009324,0.411932394990676,""
"R31H05","Y62-2x1_inference.xml",0.00128034334129592,0.99986791716898,0.000132082831019495,"DecLin"
"R31H05","Y62-3x1_inference.xml",0.172855909131404,0.0847704241698945,0.915229575830106,""
"R32B05","X487A-1x402_inference.xml",0.31826230621956,0.0743073892831403,0.92569261071686,""
"R32B05","Y17-1x1_inference.xml",0.59541907393503,0.282829334359457,0.717170665640543,""
"R32B05","Y17-2x1_inference.xml",0.542836873546324,0.3704235576866,0.6295764423134,""
"R32B05","Y17-3x1_inference.xml",0.727083711813038,0.208668303244876,0.791331696755124,""
"R32B05","Y17-4x1_inference.xml",0.594190391859668,0.171939563116686,0.828060436883314,""
"R32B05","Y17-5x1_inference.xml",0.981499693607822,0.477768958937283,0.522231041062716,""
"R33F03","A17-2x102_inference.xml",0.633735794889893,0.834728970207667,0.165271029792333,""
"R33F03","A17-6x102_inference.xml",0.995557128666307,0.506269508211866,0.493730491788134,""
"R33F03","B563-2x2_inference.xml",0.864706840723932,0.311099031633483,0.688900968366517,""
"R33F03","X440-1x402_inference.xml",0.634796597300429,0.820443900522753,0.179556099477247,""
"R33F03","X440L-2x402_inference.xml",0.0355700429072505,0.0435957931481189,0.956404206851881,"IncLin"
"R33F03","Y54-1x1_inference.xml",0.860465333074511,0.296635195061487,0.703364804938513,""
"R33F03","Y54-3x1.xml",0.621804993503122,0.200282346853322,0.799717653146678,""
"R33F03","Y54-6x1_inference.xml",0.822956493386446,0.362521953864511,0.637478046135489,""
"R34C11","B778A-1x2_inference.xml",0.165457002633475,0.0620291399639763,0.937970860036024,""
"R34C11","B778A-5x2_inference.xml",0.847887584617195,0.391640486206456,0.608359513793544,""
"R34C11","B778B-2x2_inference.xml",0.0282474840960262,0.323495465205644,0.676504534794356,"TrueQuad"
"R34C11","X488-1x402T_inference.xml",0.00617830922799535,0.519178754888499,0.480821245111501,"TrueQuad"
"R34C11","X488-2x402_inference.xml",0.412198631570794,0.514699566507725,0.485300433492275,""
"R34C11","Y85-1x1_inference.xml",0.326401917474076,0.0685058726228576,0.931494127377142,""
"R34C11","Y85-4x1.xml",0.79794949280006,0.248107494894377,0.751892505105623,""
"R34C11","Y85-5x1_inference.xml",0.798508040704061,0.564927204852805,0.435072795147195,""
"R34C11","Y85-6x1_inference.xml",0.0720713688865098,0.0219880271973287,0.978011972802671,"IncLin"
"R35A08","X442-1x402_inference.xml",0.512078348656251,0.60551765888548,0.39448234111452,""
"R35A08","X442-2x402_inference.xml",0.850441659567533,0.706430251271736,0.293569748728265,""
"R35A08","Y82-10x1_inference.xml",0.663873749697817,0.352847165282987,0.647152834717013,""
"R35A08","Y82-11x1_inference.xml",0.167294070207406,0.348406442966201,0.651593557033799,""
"R35A08","Y82-12x1_inference.xml",0.940421732242622,0.627109436848559,0.372890563151441,""
"R35A08","Y82-13x1_inference.xml",0.179175886551227,0.0349729802880698,0.96502701971193,"IncLin"
"R35A08","Y82-7x1_inference.xml",0.455702631470581,0.844823166395741,0.155176833604259,""
"R35A08","Y82-8x1_inference.xml",0.362316952609287,0.279458299325524,0.720541700674476,""
"R35A08","Y83-1x1_inference.xml",0.0866097578661468,0.0709862710747073,0.929013728925293,""
"R35A08","Y83-5x1_inference.xml",0.0955812203364773,0.838394176912797,0.161605823087203,""
"R37A04","Y47-1x1_inference.xml",0.962907809823038,0.560449911471759,0.439550088528241,""
"R37A04","Y47-2x1_inference.xml",0.401209224540075,0.676149277049921,0.323850722950079,""
"R37A04","Y47-3x1_inference.xml",0.528202983152083,0.707462862951147,0.292537137048853,""
"R37A04","Y47-4x1_inference.xml",0.91201550343304,0.455993319483815,0.544006680516185,""
"R37A04","Y47-5x1_inference.xml",0.863333578554531,0.685521588827904,0.314478411172096,""
"R37A04","Y48A-1x1_inference.xml",0.599884175265113,0.631538739839996,0.368461260160004,""
"R37A04","Y48A-2x1_inference.xml",0.784328787020529,0.514455985033797,0.485544014966203,""
"R37A04","Y48A-3x1_inference.xml",0.194062553932163,0.318803275033901,0.681196724966099,""
"R37A04","Y48A-4x1_inference.xml",0.437407237597564,0.119511349176996,0.880488650823004,""
"R37A04","Y48A-5x1_inference.xml",0.525526489556067,0.671080513222643,0.328919486777357,""
"R41F01","X445-1x402_inference.xml",0.840542937603813,0.275417941041144,0.724582058958856,""
"R41F01","X445-2x402_inference.xml",0.872672099051068,0.587785727630697,0.412214272369303,""
"R41F01","X445-4x402_inference.xml",0.058739434353029,0.0319248876352433,0.968075112364757,"IncLin"
"R41F01","X445L-3x402_inference.xml",0.400888945561845,0.617481015087856,0.382518984912144,""
"R41F01","Y56-2x1_inference.xml",0.742793330107084,0.783202444544486,0.216797555455514,""
"R41F01","Y56-3x1_inference.xml",0.809769007742095,0.740358380602396,0.259641619397604,""
"R41F01","Y56-4x1_inference.xml",0.0188959676355847,0.00213359628744476,0.997866403712555,"IncLin"
"R44E07","X446L-2x402_inference.xml",0.283843092196085,0.0528763693804154,0.947123630619585,""
"R44E07","Y81-1x1_inference.xml",0.827738490037775,0.574239782014467,0.425760217985533,""
"R44E07","Y81-3x1_inference.xml",0.201321993763118,0.938209219078699,0.0617907809213013,""
"R44E07","Y81-4x1_inference.xml",0.346984641337672,0.811974081641683,0.188025918358317,""
"R44E07","Y81-5x1_inference.xml",0.120618926610513,0.368201522770759,0.631798477229241,""
"R44E07","Y81-6x1_inference.xml",0.657026902678853,0.783824332287186,0.216175667712814,""
"R45E04","X489-3x402_inference.xml",0.682872962755045,0.79049750460774,0.20950249539226,""
"R45E04","X489-4x402_inference.xml",0.0537045146688428,0.011779939716833,0.988220060283167,"IncLin"
"R45E04","Y75-1x1_inference.xml",0.0328208270771174,0.995891192790242,0.00410880720975796,"DecLin"
"R45E04","Y75-2x1_inference.xml",0.168371010544615,0.877064310723127,0.122935689276873,""
"R45E04","Y75-4x1_inference.xml",0.149899321586926,0.0831369495844045,0.916863050415595,""
"R45E04","Y75-5x1_inference.xml",0.600026479880147,0.1530902360207,0.8469097639793,""
"R45E04","Y75-6x1_inference.xml",0.293646933615909,0.784056433064036,0.215943566935964,""
"R46C04","X447-1x402_inference.xml",0.775449409144172,0.545507701295253,0.454492298704747,""
"R46C04","X447-3x402_inference.xml",0.408464346733085,0.90393383947813,0.0960661605218701,""
"R46C04","X447-4x402_inference.xml",0.315709269363495,0.532010177511819,0.467989822488181,""
"R46C04","Y43-1x1_inference.xml",0.59955016110086,0.16216228371813,0.83783771628187,""
"R46C04","Y43-3x1_inference.xml",0.921695634465288,0.395286042128697,0.604713957871303,""
"R46C04","Y43-4x1_inference.xml",0.527556649209782,0.15329324669574,0.84670675330426,""
"R46C04","Y43-5x1_inference.xml",0.570992122278376,0.147208752289329,0.852791247710671,""
"R49F11","A19-1x102_inference.xml",0.720914088497187,0.795039475290557,0.204960524709443,""
"R49F11","X490-1x402_inference.xml",0.777213123636306,0.524001724272881,0.475998275727119,""
"R49F11","X490-3x402_inference.xml",0.573382365181765,0.157351954502174,0.842648045497826,""
"R49F11","X490-5x402_inference.xml",0.694362335848757,0.715099631370043,0.284900368629957,""
"R49F11","Y69-1x1_inference.xml",0.893743308453654,0.47967837475304,0.52032162524696,""
"R49F11","Y69-3x1_inference.xml",0.120975973982374,0.851405362246649,0.148594637753351,""
"R49F11","Y69-4x1_inference.xml",0.466160232714536,0.707852100734613,0.292147899265387,""
"R49F11","Y69-5x1_inference.xml",0.415963260399343,0.897708852852664,0.102291147147336,""
"R49F11","Y69-6x1_inference.xml",0.947323254441151,0.383234922856272,0.616765077143728,""
"R52B09","A20-4x102_inference.xml",0.01010791553155,0.863770700452675,0.136229299547325,"TrueQuad"
"R52B09","A20-5x102_inference.xml",0.541130914861843,0.183138927416671,0.816861072583329,""
"R52B09","A20x102_inference.xml",0.972528272004897,0.521042439625785,0.478957560374215,""
"R52B09","Y53-1x1_inference.xml",0.135898985592919,0.620131901107866,0.379868098892134,""
"R52B09","Y53-2x1_inference.xml",0.303817909155606,0.94159906206449,0.0584009379355101,""
"R52B09","Y53-3x1_inference.xml",0.0155849693788196,0.170178431094635,0.829821568905365,"TrueQuad"
"R52B09","Y53-4x1_inference.xml",0.424558539654236,0.898119945898542,0.101880054101458,""
"R52B09","Y53-5x1_inference.xml",0.303063816575608,0.680542865091783,0.319457134908217,""
"R52B09","Y53-6x1_inference.xml",0.585002587550692,0.165213454844351,0.834786545155649,""
"R52E07","X450-1x402_inference.xml",0.51196299954361,0.122803431930644,0.877196568069356,""
"R52E07","X450-2x402_inference.xml",0.655422906037927,0.21071718386462,0.78928281613538,""
"R52E07","Y51-1x1_inference.xml",0.503201975367963,0.319701652837039,0.680298347162961,""
"R52E07","Y51-2x1_inference.xml",0.438720264944154,0.864373744893694,0.135626255106306,""
"R52E07","Y51-4x1_inference.xml",0.750766598681288,0.777743423953126,0.222256576046874,""
"R52E07","Y51-6x1_inference.xml",0.543988222865246,0.192398825257465,0.807601174742535,""
"R52E07","Y52-1x1_inference.xml",0.762492430568075,0.740045189785144,0.259954810214856,""
"R52E07","Y52-2x1_inference.xml",0.378795714871453,0.388327215616398,0.611672784383602,""
"R53C03","X451A-1x402_inference.xml",0.370582218604818,0.0868904222470029,0.913109577752997,""
"R53C03","X451A-4x402_inference.xml",0.299967533932902,0.451751377067854,0.548248622932146,""
"R53C03","X451A-5x402_inference.xml",0.840870609719848,0.694393510067449,0.305606489932551,""
"R53C03","Y63-1x1_inference.xml",0.795315698375697,0.497226834865198,0.502773165134802,""
"R53C03","Y63-2x1_inference.xml",0.163349562502867,0.109121631597808,0.890878368402192,""
"R53C03","Y63-3x1_inference.xml",0.831543215120453,0.274630297490136,0.725369702509864,""
"R53C03","Y63-5x1_inference.xml",0.525606156440205,0.876128232854468,0.123871767145532,""
"R53C03","Y63-7x1_inference.xml",0.495166194987563,0.421170548966352,0.578829451033648,""
"R53C03","Y64-3x1_inference.xml",0.539450808601524,0.227394084217877,0.772605915782123,""
"R53C03","Y64-4x1_inference.xml",0.416650073319756,0.90993627265436,0.0900637273456403,""
"R60D10","X454-3x402_inference.xml",0.954231050102313,0.529523731291057,0.470476268708943,""
"R60D10","X454L-1x402_inference.xml",0.92021229737978,0.338487113190265,0.661512886809735,""
"R60D10","Y46-1x1_inference.xml",0.753310232863189,0.657363246119713,0.342636753880288,""
"R60D10","Y46-2x1_inference.xml",0.956443339625136,0.54064766054418,0.45935233945582,""
"R60D10","Y46-3x1_inference.xml",0.464070050248816,0.310789795727335,0.689210204272665,""
"R60D10","Y46-6x1_inference.xml",0.721499404621547,0.321377018188857,0.678622981811143,""
"R63F09","X456-2x402_inference.xml",0.283046209161917,0.939898066980462,0.0601019330195386,""
"R63F09","X456L-1x402_inference.xml",0.714016222794265,0.742041891985457,0.257958108014543,""
"R63F09","X456L-3x402_inference.xml",0.437215534166949,0.904663966287727,0.095336033712273,""
"R63F09","Y25-1x1_inference.xml",0.669041572716389,0.191512019443121,0.808487980556879,""
"R63F09","Y25-2x1_inference.xml",0.197241763272243,0.0735486053292713,0.926451394670729,""
"R63F09","Y25-3x1_inference.xml",0.160540475715661,0.0371343042872424,0.962865695712758,"IncLin"
"R63F09","Y25-5x1_inference.xml",0.787195795945727,0.729570631162873,0.270429368837127,""
"R63F09","Y25-6x1_inference.xml",0.187278097614759,0.349568359840224,0.650431640159776,""
"R65A10","A35-3x102_inference.xml",0.262660834205354,0.952177522812359,0.0478224771876415,"DecLin"
"R65A10","A35-4x102_inference.xml",0.312761371366081,0.0656408918064272,0.934359108193573,""
"R65A10","A35-7x102_inference.xml",0.554796055783291,0.292978082121016,0.707021917878984,""
"R65A10","X457-1x402_inference.xml",0.328940270027119,0.577420010622347,0.422579989377653,""
"R65A10","Y74-1x1_inference.xml",0.132316524782331,0.0447499471610842,0.955250052838916,"IncLin"
"R65A10","Y74-2x1_inference.xml",0.355584222507296,0.284828640613167,0.715171359386833,""
"R65A10","Y74-3x1_inference.xml",0.683406352534787,0.49589905533336,0.50410094466664,""
"R65A10","Y74-4x1_inference.xml",0.158197981897153,0.180857788344396,0.819142211655604,""
"R65A10","Y74-5x1_inference.xml",0.677923082306265,0.702861003278679,0.297138996721321,""
"R65A10","Y74G-2x1_inference.xml",0.48818514312187,0.533197139394091,0.466802860605909,""
"R65A10","Y74G-3x1_inference.xml",0.156233778177476,0.0249829588126901,0.97501704118731,"IncLin"
"R65E02","X458-1x402_inference.xml",0.244864264659597,0.87510317722281,0.12489682277719,""
"R65E02","Y84-1x1_inference.xml",0.128902309053213,0.876830701883111,0.123169298116889,""
"R65E02","Y84-2x1_inference.xml",0.734143888211624,0.778744125278402,0.221255874721598,""
"R65E02","Y84-3x1_inference.xml",0.243673807594414,0.0852835167134165,0.914716483286584,""
"R65E02","Y84-4x1_inference.xml",0.426394535903909,0.231522322734331,0.768477677265669,""
"R65E02","Y84-5x1_inference.xml",0.266112669805302,0.947853818655777,0.0521461813442234,""
"R65E02","Y84-6x1_inference.xml",0.964001433508972,0.402833241620095,0.597166758379905,""
"R67C09","A21-2x102_inference.xml",0.0631659999646497,0.913618312118476,0.0863816878815239,""
"R67C09","A21-5x102_inference.xml",0.275970500661732,0.914726095953989,0.0852739040460114,""
"R67C09","A21-8x102_inference.xml",0.338026555911401,0.164491258649555,0.835508741350445,""
"R67C09","X459-2x402_inference.xml",0.486657320995941,0.741119201877079,0.258880798122921,""
"R67C09","X459-3x402_inference.xml",0.980937802751235,0.468516424824152,0.531483575175848,""
"R67C09","X459L-1x402_inference.xml",0.672706543047776,0.204882385760979,0.795117614239021,""
"R67C09","Y72-1x1_inference.xml",0.15950938429343,0.287052270490964,0.712947729509036,""
"R67C09","Y72-2x1_inference.xml",0.972343157526009,0.445555374250258,0.554444625749742,""
"R67C09","Y72-3x1_inference.xml",0.0513806920643476,0.0705748598059919,0.929425140194008,""
"R67C09","Y72-6x1_inference.xml",0.715214636785341,0.342909030274725,0.657090969725275,""
"R69C04","A22-2x102_inference.xml",0.789765243741146,0.633943590181266,0.366056409818734,""
"R69C04","A22-4x102_inference.xml",0.676263630490582,0.31107864232789,0.68892135767211,""
"R69C04","A22-8x102_inference.xml",0.0564785603118001,0.497908312187569,0.502091687812431,""
"R69C04","Y76-1x1_inference.xml",0.518155052572004,0.728650730342625,0.271349269657375,""
"R69C04","Y76-3x1_inference.xml",0.549741249479967,0.540005902443596,0.459994097556404,""
"R69C04","Y76-5x1_inference.xml",0.686019538833961,0.789333656004493,0.210666343995507,""
"R69C04","Y76-6x1_inference.xml",0.875618039982058,0.301133503407772,0.698866496592228,""
"R72D11","X462A-1x402_inference.xml",0.603626211336194,0.23552885325618,0.76447114674382,""
"R72D11","X462A-3x402_inference.xml",0.682867690183228,0.341307789994511,0.658692210005489,""
"R72D11","Y80-1x1_inference.xml",0.0839483482997518,0.0125492296930735,0.987450770306927,"IncLin"
"R72D11","Y80-2x1_inference.xml",0.52056870821236,0.437124560233286,0.562875439766714,""
"R72D11","Y80-3x1_inference.xml",0.200668900446827,0.0344093065103029,0.965590693489697,"IncLin"
"R72D11","Y80-5x1_inference.xml",0.813018761704692,0.72518543448625,0.27481456551375,""
"R72D11","Y80-6x1_inference.xml",0.442154975948741,0.117798203849647,0.882201796150353,""
"R77F09","A23-1x102_inference.xml",0.0762557875842309,0.0439006053901833,0.956099394609817,"IncLin"
"R77F09","A23-4x102_inference.xml",0.901619690347311,0.51583632824718,0.48416367175282,""
"R77F09","X466-4x402_inference.xml",0.514355209400698,0.787945877000281,0.212054122999719,""
"R77F09","X466-5x402_inference.xml",0.304216558341694,0.258682469683469,0.741317530316531,""
"R77F09","X466L-2x402.xml",0.836007275456982,0.448827763144309,0.551172236855691,""
"R77F09","Y55-1x1_inference.xml",0.542600655953585,0.200561303893008,0.799438696106992,""
"R77F09","Y55-2x1_inference.xml",0.705392540733817,0.710884735982409,0.289115264017591,""
"R77F09","Y55-4x1_inference.xml",0.262856933679575,0.873699286047218,0.126300713952782,""
"R77F09","Y55-5x1_inference.xml",0.707267331360879,0.56327146223058,0.43672853776942,""
"R81E02","A24-4x102_inference.xml",0.746987696480065,0.782367456805824,0.217632543194176,""
"R81E02","A24-5x102_inference.xml",0.0144391026366138,0.0313430547837025,0.968656945216297,"IncLin"
"R81E02","A24-7x102_inference.xml",0.260940137348235,0.0603391045812018,0.939660895418798,""
"R81E02","X468A-1x402_inference.xml",0.844110888237784,0.414207127847231,0.585792872152769,""
"R81E02","X468A-2x402_inference.xml",0.504922817706763,0.190629961740478,0.809370038259522,""
"R81E02","X468A-5x402_inference.xml",0.0597585566481476,0.0629385524308969,0.937061447569103,""
"R81E02","X468AL-2x402_inference.xml",0.92848994233461,0.366264876420613,0.633735123579387,""
"R81E02","Y71-1x1_inference.xml",0.383951135368016,0.465942202018662,0.534057797981338,""
"R81E02","Y71-2x1_inference.xml",0.893900357406694,0.46411318657826,0.53588681342174,""
"R81E02","Y71-4x1_inference.xml",0.469675895722054,0.315640721154575,0.684359278845425,""
"R81E02","Y71-5x1_inference.xml",0.837838317074831,0.701520083043323,0.298479916956677,""
"R81E02","Y71-6x1_inference.xml",0.597948318693951,0.771380364730435,0.228619635269565,""
"R81G05","X469A-2x402_inference.xml",0.475933638691517,0.841121479130563,0.158878520869437,""
"R81G05","X469A-3x402_inference.xml",0.893893764401789,0.4700300635064,0.5299699364936,""
"R81G05","Y35-1x1_inference.xml",0.513919572702818,0.35944609000019,0.64055390999981,""
"R81G05","Y35-2x1_inference.xml",0.00517709427466277,0.444447078391123,0.555552921608877,"TrueQuad"
"R81G05","Y35-3x1_inference.xml",0.424648799817172,0.743143180791699,0.256856819208301,""
"R81G05","Y35-4x1_inference.xml",0.129903216845009,0.0201512390337829,0.979848760966217,"IncLin"
"R81G05","Y35-6x1_inference.xml",0.892613829787851,0.561970151224994,0.438029848775006,""
"R82A03","A11-1x102_new_new_inference.xml",0.644845952643858,0.823818480132534,0.176181519867466,""
"R82A03","A11-2x102_new_new_inference.xml",0.480755765138195,0.165994542001335,0.834005457998665,""
"R82A03","A11-3x102_new_inference.xml",0.556241712803006,0.170976532070151,0.829023467929849,""
"R82A03","A237A-3x102_inference.xml",0.21537182893304,0.448977394833264,0.551022605166736,""
"R82A03","B560-2x2_inference.xml",0.0724055431112492,0.650446283346025,0.349553716653975,""
"R82A03","B560-3x2_inference.xml",0.19983544272299,0.0972741723648102,0.90272582763519,""
"R82A03","B711-2x2_inference.xml",0.311180234275041,0.335269919682765,0.664730080317235,""
"R82A03","B711-3x2_inference.xml",0.8819382200214,0.343878433794428,0.656121566205572,""
"R82A03","B711-4x2_inference.xml",0.369636187669317,0.910938729896189,0.089061270103811,""
"R82A03","X491-5x402_inference.xml",0.602822214790594,0.847235662474678,0.152764337525322,""
"R82A03","X491L-2x402_inference.xml",0.134771735389526,0.978697634973536,0.0213023650264639,"DecLin"
"R82A03","Y19-1x1_inference.xml",0.935604167769347,0.643987851765374,0.356012148234626,""
"R82A03","Y19-2x1_inference.xml",0.63792472068834,0.78353551277785,0.21646448722215,""
"R82A03","Y19-3x1_inference.xml",0.167597320342737,0.840858033780692,0.159141966219308,""
"R82A03","Y19-4x1_inference.xml",0.913693323786812,0.666096860248478,0.333903139751522,""
"R82A03","Y19-5x1_inference.xml",0.869174111722522,0.639034270748144,0.360965729251856,""
"R82A03","Y19-6x1_inference.xml",0.508539758166794,0.39060196186657,0.60939803813343,""
"R82A03","Y289C-7x1_inference.xml",0.329612945627209,0.156324606129861,0.843675393870139,""
"R82A03","Z205-1x1_inference.xml",0.390621620906787,0.086597171043815,0.913402828956185,""
"R82A03","Z205-3x1_inference.xml",0.638500176964666,0.796601210073131,0.203398789926869,""
"R82A03","Z205-7_1x1_inference.xml",0.47220726653615,0.692096833916657,0.307903166083343,""
"R82A03","Z205-9x1_inference.xml",0.988964510825766,0.556838528411366,0.443161471588634,""
"R82C05","A250-2x102_inference.xml",0.469804128628744,0.337120411338371,0.662879588661629,""
"R82C05","A252-1x102_inference.xml",0.152940333237719,0.937410810650835,0.0625891893491647,""
"R82C05","A252-3x102_inference.xml",0.483216234113579,0.877592931720318,0.122407068279682,""
"R82C05","B571-3x2_inference.xml",0.542200439559232,0.145451347536382,0.854548652463618,""
"R82C05","Y331AL-2x1_inference.xml",0.151212029758773,0.958414436971331,0.0415855630286691,"DecLin"
"R82C05","Y331AL-6x1_inference.xml",0.91657135624674,0.334804416304103,0.665195583695897,""
"R82C05","Z230-4x1_inference.xml",0.495345982017871,0.83727837682318,0.16272162317682,""
"R82C05","Z240A-2x1_inference.xml",0.587607326117239,0.230466230273732,0.769533769726268,""
"R82C05","Z240A-6x1_NEW_inference.xml",0.0496242338473742,0.928034822146599,0.0719651778534012,"TrueQuad"
"R82C05","Z240A-7x1_inference.xml",0.84302019810721,0.325011100448041,0.674988899551959,""
"R82C05","Z82-1x1_NEW_inference.xml",0.662672884721001,0.794626925190163,0.205373074809837,""
"R82C05","Z82-2x1_inference.xml",0.496856530112968,0.646114524218892,0.353885475781108,""
"R83A02","A282-3x102_inference.xml",0.648755219544111,0.714422553360877,0.285577446639123,""
"R83A02","A32-1x102_inference.xml",0.978268957101781,0.442695539020466,0.557304460979534,""
"R83A02","A32-4x102_inference.xml",0.328085400628135,0.670576665353574,0.329423334646426,""
"R83A02","A32-5x102_inference.xml",0.601622334618622,0.212769981640511,0.787230018359489,""
"R83A02","B753-2x2_inference.xml",0.380837047701773,0.121870868606363,0.878129131393637,""
"R83A02","X470-2x402_inference.xml",0.858627014506912,0.577253058031792,0.422746941968208,""
"R83A02","Y42-1x1_inference.xml",0.733940674732174,0.460799004803984,0.539200995196016,""
"R83A02","Y42-2x1_inference.xml",0.899698574860754,0.405408207271906,0.594591792728094,""
"R83A02","Y42-3x1_inference.xml",0.950585423790047,0.627216034991004,0.372783965008996,""
"R83A02","Y42-5x1_inference.xml",0.130827238350711,0.138430048024893,0.861569951975107,""
"R83A02","Y42-6x1_inference.xml",0.94492966017178,0.618969602981079,0.381030397018921,""
"R83A02","Y42-7x1_inference.xml",0.918450255171026,0.469930424721232,0.530069575278768,""
"R83A02","Z242-1x1_inference.xml",0.983793058350281,0.483607734016192,0.516392265983808,""
"R83A02","Z242-2x1_inference.xml",0.407226373985084,0.190223498400144,0.809776501599856,""
"R83A02","Z242x1_inference.xml",0.93788856821592,0.365589075941649,0.634410924058351,""
"R83B04","X471A-2x402_inference.xml",0.357857378684449,0.0724973448204028,0.927502655179597,""
"R83B04","Y68-1x1_inference.xml",0.573124729536914,0.425071105631255,0.574928894368745,""
"R83B04","Y68-2x1_inference.xml",0.483203239316916,0.854715561927001,0.145284438072999,""
"R83B04","Y68-3x1_inference.xml",0.976402031679807,0.467374581623972,0.532625418376028,""
"R83B04","Y68-6x1_inference.xml",0.593183110046273,0.552565457291109,0.447434542708892,""
"R84A12","A10-1x102_inference.xml",0.853581134671363,0.485779856250057,0.514220143749943,""
"R84A12","A10-4x102_inference.xml",0.680014819972595,0.402166170222509,0.597833829777491,""
"R84A12","A10-7x102_new_inference.xml",0.683493769447531,0.575617350850903,0.424382649149097,""
"R84A12","A230-4x102_inference.xml",0.241727581443294,0.656002035785619,0.343997964214381,""
"R84A12","A230-5x102_inference.xml",0.0163202604906607,0.997589862803437,0.00241013719656258,"DecLin"
"R84A12","A233A-1x102_inference.xml",0.0298802698818961,0.636325082559062,0.363674917440938,"TrueQuad"
"R84A12","B575A-3x2_inference.xml",0.994943149124106,0.536157010604614,0.463842989395386,""
"R84A12","B575A-4x2_inference.xml",0.899481692166606,0.320548594988606,0.679451405011394,""
"R84A12","B575B-1x2_inference.xml",0.99123729283665,0.447774305672842,0.552225694327158,""
"R84A12","B575B-2x2_inference.xml",0.970041886735183,0.401602513785551,0.598397486214449,""
"R84A12","B575B-4x2_inference.xml",0.889170174152148,0.674104921420118,0.325895078579882,""
"R84A12","X492-1x402_inference.xml",0.241260810938595,0.957401548912139,0.0425984510878606,"DecLin"
"R84A12","X492-2x402_inference.xml",0.377061226566208,0.576564811610992,0.423435188389008,""
"R84A12","X492-3x402_inference.xml",0.581708230457198,0.836042445720526,0.163957554279474,""
"R84A12","X572A-4x400_inference.xml",0.385349008215399,0.880551752468677,0.119448247531323,""
"R84A12","Y285A-4x1_inference.xml",0.302273830610081,0.220714345189713,0.779285654810287,""
"R84A12","Y87-1x1_inference.xml",0.972691285818563,0.527689550656315,0.472310449343685,""
"R84A12","Y87-2x1_inference.xml",0.797412590529382,0.246643521985267,0.753356478014733,""
"R84A12","Y87-3x1_inference.xml",0.782538012772497,0.564286681453424,0.435713318546576,""
"R84A12","Y87-4x1_inference.xml",0.651299977812555,0.269593076871079,0.730406923128921,""
"R84A12","Y87-5x1_inference.xml",0.299904463438533,0.907634873097253,0.0923651269027475,""
"R84A12","Y87-6x1_inference.xml",0.288330198199468,0.682306743287247,0.317693256712753,""
"R84A12","Y87-8x1_inference.xml",0.190186478358022,0.119652609936584,0.880347390063416,""
"R84A12","Z200-6x1_inference.xml",0.928084306403538,0.505542219738118,0.494457780261882,""
"R84A12","Z202A-2x1_inference.xml",0.323752170828976,0.351607636845851,0.648392363154149,""
"R84A12","Z202A-4x1_inference.xml",0.731815597223936,0.56188894518013,0.43811105481987,""
"R84A12","Z80-2x1_NEW_inference.xml",0.907637606643726,0.671772683449097,0.328227316550903,""
"R84A12","Z80-3x1_NEW_inference.xml",0.430461766922676,0.475321878994611,0.524678121005389,""
"R87A03","X474-1x402_inference.xml",0.387408476376546,0.294256122997294,0.705743877002706,""
"R87A03","X474-2x402_inference.xml",0.899698770480506,0.579699951008926,0.420300048991074,""
"R87A03","X474-4x402_inference.xml",0.0494776701944037,0.470462263710746,0.529537736289254,"TrueQuad"
"R87A03","Y45-2x1_inference.xml",0.949732077786551,0.532237524606481,0.467762475393519,""
"R87A03","Y45-3x1_inference.xml",0.0632679022216831,0.0396378892694147,0.960362110730585,"IncLin"
"R87A03","Y45-5x1_inference.xml",0.996692190795446,0.467458693171621,0.532541306828379,""
"R88B08","X475A-1x402_inference.xml",0.0781406521122576,0.138682055552206,0.861317944447794,""
"R88B08","X475A-5x402_inference.xml",0.847005045140302,0.452083902376533,0.547916097623467,""
"R88B08","Y39-1x1_inference.xml",0.188813183118376,0.821463523676047,0.178536476323953,""
"R88B08","Y39-3ax1_inference.xml",0.736509362030543,0.212372927967434,0.787627072032566,""
"R88B08","Y39-3bx1_inference.xml",0.686904748899215,0.314397985437017,0.685602014562983,""
"R88B08","Y39-4x1_inference.xml",0.627413589496881,0.552601682288253,0.447398317711747,""
"R91F11","X494-1x402_inference.xml",0.885207869051384,0.403250033271473,0.596749966728527,""
"R91F11","X494-2x402_inference.xml",0.302975454704563,0.71941472164585,0.28058527835415,""
"R91F11","X494-4x402_inference.xml",0.36758609342521,0.90196672429648,0.0980332757035197,""
"R91F11","Y11-1x1_inference.xml",0.683040995821794,0.696638887741658,0.303361112258342,""
"R91F11","Y11-2x1_inference.xml",0.912181748248546,0.498878120740159,0.501121879259841,""
"R91F11","Y11-4x1_inference.xml",0.185211020620828,0.968532872915356,0.0314671270846445,"DecLin"
"R91F11","Y11-5x1_inference.xml",0.708973182335802,0.287804284198369,0.712195715801631,""
"R91G06","X479A-1x402_inference.xml",0.462318704800945,0.118019724081766,0.881980275918234,""
"R91G06","Y44-1x1_inference.xml",0.691211497209543,0.438987072519989,0.561012927480011,""
"R91G06","Y44-2x1_inference.xml",0.0633381849292527,0.913440467554698,0.0865595324453022,""
"R91G06","Y44-3x1_inference.xml",0.0592023967407166,0.983844529567741,0.0161554704322592,"DecLin"
"R91G06","Y44-5x1_inference.xml",0.675341377387212,0.348106742464488,0.651893257535512,""
"R91G06","Y44-6x1_inference.xml",0.632371384450869,0.241226722627071,0.758773277372929,""
"R91G06","Y44-7x1_inference.xml",0.423463571677832,0.178353868424135,0.821646131575865,""
"R92A10","A28-1x102_inference.xml",0.397003910770031,0.386974314407748,0.613025685592252,""
"R92A10","A28-4x102_inference.xml",0.37317123219598,0.461273434742773,0.538726565257227,""
"R92A10","A28-7x102_inference.xml",0.34832898478448,0.13171550070357,0.86828449929643,""
"R92A10","X480A-4x402_inference.xml",0.617403255232235,0.160935211486715,0.839064788513285,""
"R92A10","X480AL-1x402_inference.xml",0.563556362044748,0.423781934644193,0.576218065355807,""
"R92A10","Y269-2x2.xml",0.879700504876928,0.59430964633217,0.40569035366783,""
"R92A10","Y269-4x2_inference.xml",0.0779582808694316,0.013224198240301,0.986775801759699,"IncLin"
"R92A10","Y276-3x1_inference.xml",0.130725182725816,0.867719957629925,0.132280042370075,""
"R92A10","Y36-1x1_inference.xml",0.853585708472396,0.613297735951162,0.386702264048838,""
"R92A10","Y36-2x1_inference.xml",0.685861397618444,0.448926986071583,0.551073013928417,""
"R92A10","Y36-3x1_inference.xml",0.810675912464561,0.584714485838274,0.415285514161726,""
"R92A10","Y36-4x1_inference.xml",0.132660175082835,0.962980425415141,0.0370195745848588,"DecLin"
"R92F08","A29-2x102_inference.xml",0.134085136734621,0.0212912278629353,0.978708772137065,"IncLin"
"R92F08","A29-3x102_inference.xml",0.632063955861736,0.701244599518957,0.298755400481043,""
"R92F08","A29-5x102_inference.xml",0.884802863404919,0.311847729281361,0.688152270718639,""
"R92F08","X481A-2x402_inference.xml",0.646918276810886,0.569619818599117,0.430380181400883,""
"R92F08","X481A-3x402_inference.xml",0.644384167687971,0.506843926592939,0.493156073407061,""
"R92F08","Y14-1x1_inference.xml",0.0881997775944591,0.243122330134661,0.756877669865339,""
"R92F08","Y14-2x1_inference.xml",0.402035970437934,0.140762154065669,0.859237845934332,""
"R92F08","Y14-5x1_inference.xml",0.373846116816268,0.251459932269461,0.748540067730539,""
"R92F08","Y14-6x1_inference.xml",0.0683483081569179,0.773547644126397,0.226452355873603,""
"R95D10","A40-1x102_inference.xml",0.739427539829809,0.609743916668121,0.390256083331879,""
"R95D10","A40-3x102_inference.xml",0.0885679533045872,0.0996875740650756,0.900312425934924,""
"R95D10","A40-6x102_inference.xml",0.396777332491848,0.658226413299748,0.341773586700252,""
"R95D10","B590-2x2_inference.xml",0.145846674804801,0.672907978062879,0.327092021937121,""
"R95D10","X3-6_tillerx402_inference.xml",0.467261254756501,0.131246364198171,0.868753635801829,""
"R95D10","X3-6x402_inference.xml",0.388521427318391,0.0845179547189104,0.91548204528109,""
"R95D10","X4-1x402_inference.xml",0.317088010471823,0.715175874605239,0.284824125394761,""
"R95D10","X4-4x400L_inference.xml",0.209175790092188,0.963863727391407,0.0361362726085927,"DecLin"
"R95D10","X4-6x402_inference.xml",0.0551100610001661,0.930986794637272,0.0690132053627281,""
"R95D10","Y232-1x1_inference.xml",0.556994760112013,0.499265437486487,0.500734562513513,""
"R95D10","Y232-2x1_inference.xml",0.768373930924685,0.722291646220115,0.277708353779885,""
"R95D10","Y232-3x1_inference.xml",0.265223739057293,0.0496667769106268,0.950333223089373,"IncLin"
"R95D10","Y232-4x1_inference.xml",0.478722403417352,0.122009431798409,0.877990568201591,""
"R95D10","Y232-5x1_inference.xml",0.103314680752468,0.977124959420128,0.0228750405798716,"DecLin"
"R95D10","Y232-6x1_inference.xml",0.25504881191755,0.223585125711668,0.776414874288332,""
"R96B12","A277-2x102_inference.xml",0.273164026923432,0.948139560171245,0.0518604398287551,""
"R96B12","A277-3x102_inference.xml",0.308519582733775,0.880689490890272,0.119310509109728,""
"R96B12","A33-2x102_inference.xml",0.334547687696744,0.928242957723585,0.0717570422764147,""
"R96B12","A33-5x102_inference.xml",0.288327718596841,0.0789457154029316,0.921054284597068,""
"R96B12","A33-6x102_inference.xml",0.967623214736046,0.598101151175024,0.401898848824976,""
"R96B12","Z249A-1x1_inference.xml",0.227295449536184,0.517527156777285,0.482472843222715,""
"R96B12","Z251-1x1_inference.xml",0.481475516194337,0.878961855773474,0.121038144226526,""
"R96B12","Z252-1x1_inference.xml",0.393957533779216,0.917910949668713,0.0820890503312874,""
"R96B12","Z255-1x1.xml",0.367539699541234,0.0954064062720674,0.904593593727933,""
"R96B12","Z257-1x1_inference.xml",0.218143064471711,0.0425876748367346,0.957412325163265,"IncLin"
"R96B12","Z257-2x1_inference.xml",0.551582511104926,0.138727141060752,0.861272858939248,""
"R96B12","Z258-1x1_inference.xml",0.992778437984928,0.451249847589708,0.548750152410292,""
"R96C12","A30-1x102_inference.xml",0.608351239367279,0.745145330899516,0.254854669100484,""
"R96C12","A30-4x102_inference.xml",0.142116249936452,0.815610908519241,0.184389091480759,""
"R96C12","A30-5x102_inference.xml",0.17670635697544,0.958221683423384,0.041778316576616,"DecLin"
"R96C12","B567-3x2_inference.xml",0.535207424695269,0.818394114320751,0.181605885679249,""
"R96C12","B755-7x2_inference.xml",0.858822931008532,0.627488892124659,0.372511107875341,""
"R96C12","Y223-1x1.xml",0.550023221207691,0.791765970201221,0.208234029798779,""
"R96C12","Y223-2x1.xml",0.320862072188758,0.523486059226705,0.476513940773295,""
"R96C12","Y223-3x1_inference.xml",0.585136224560446,0.236848646648672,0.763151353351328,""
"R96C12","Y223-4x1_inference.xml",0.154483950472176,0.50617380053704,0.49382619946296,""
"R96C12","Y223-5x1_inference.xml",0.333357578923589,0.380486686052426,0.619513313947574,""
"R96C12","Z233A-3x1_NEW_inference.xml",0.342721566620805,0.811124797779235,0.188875202220765,""
"R96C12","Z234A-1x1_NEW_inference.xml",0.810241301440219,0.291088630183385,0.708911369816615,""
"R96C12","Z81-1x1_inference.xml",0.0557191515330149,0.329893025332386,0.670106974667614,""
"R96C12","Z81-2x1_inference.xml",0.210193485678792,0.954783621843491,0.0452163781565094,"DecLin"
"R96C12","Z81-3x1_inference.xml",0.7278831916246,0.230317976597866,0.769682023402134,""
"R96C12","Z81-4x1_inference.xml",0.684943495944088,0.810014021684852,0.189985978315148,""
"R96C12","Z81-6x1_NEW_inference.xml",0.264505215707815,0.303501930176619,0.696498069823381,""
"R99B02","X485-3x402_inference.xml",0.927754280648457,0.567146184198467,0.432853815801533,""
"R99B02","X485-5x402_inference.xml",0.971754202195827,0.581560481408054,0.418439518591946,""
"R99B02","X485L-3x402_inference.xml",0.317331650489313,0.132897467701232,0.867102532298768,""
"R99B02","Y58-1x1_inference.xml",0.697799870019615,0.755016582947299,0.244983417052701,""
"R99B02","Y58-2x1_inference.xml",0.280807023711467,0.355710799856215,0.644289200143785,""
"R99B02","Y58-3x1_inference.xml",0.896395310607617,0.551463476665238,0.448536523334762,""
"R99B02","Y58-4x1_inference.xml",0.299750471143585,0.272820564571333,0.727179435428667,""
